gauge_id,gauge_lat,gauge_lon,GPP_MODIS_gCperm2yr,NPP_MODIS_gCperm2yr,GPP_gCperm2yr,C4_fraction,C4_fraction_un
8103900,30.91157,-98.03697,974.7347826,495.5565217,1443.9617,52.76321087,3.998085545
1013500,47.23739,-68.58264,1027.673913,615.9086957,1247.6278,,
1022500,44.60797,-67.93524,1289.626087,815.6043478,1603.1294,,
1030500,45.50097,-68.30596,1302.978261,775.6608696,1675.2593,0.45516315,
1031500,45.17501,-69.3147,1249.882609,703.0913043,1639.073,0.090405414,
1047000,44.8692,-69.9551,1280.347826,723.826087,1722.1786,0.525469262,
1052500,44.87739,-71.05749,1147.752174,686.1782609,1628.5771,0.189246812,
1054200,44.39044,-70.97964,1215.678261,707.7826087,1780.6455,0.136825615,
1055000,44.64275,-70.58878,1525.447826,958.7086957,1792.3221,0.01179254,
1057000,44.30399,-70.53968,1598.5,989.0043478,1701.3115,0.136825615,
1073000,43.1487,-70.96506,1489.834783,784.0826087,1779.792,0.203406487,
1078000,43.56646,-71.74786,1326.265217,745.7043478,1778.381,0.125249455,
1118300,41.47482,-71.83424,1880.152174,1112.895652,2061.0344,1.926782414,
1121000,41.84371,-72.16897,1612.617391,935.9521739,1988.3313,4.442611886,
1123000,41.67177,-72.0523,1803.778261,1059.217391,2009.2495,4.442611886,
1134500,44.51172,-71.83731,1223.673913,697.7086957,1607.0793,0.256717775,
1137500,44.26867,-71.63036,1144.634783,688.2173913,1660.4564,0.410427096,
1139000,44.15034,-72.06509,1193.652174,703.0869565,1639.3938,0.29146055,
1139800,44.09284,-72.33565,1231.686957,702.5782609,1892.401,0.29146055,
1142500,43.93451,-72.65788,1129.543478,672.6043478,1669.805,0.182852053,
1144000,43.71424,-72.41815,1301.882609,690.4173913,1800.0907,0.209238052,
1162500,42.68259,-72.11508,1312.117391,700.2130435,1858.5134,0.746173149,
1169000,42.63842,-72.72509,1300.43913,690.0043478,1909.0247,0.251802768,
1170100,42.70342,-72.67065,1340.534783,707.573913,1979.7216,0.251802768,
1181000,42.23731,-72.89565,1601.36087,943.7478261,1940.0155,0.373566013,
1187300,42.03732,-72.93899,1618.730435,944.7,1945.3593,0.373566013,
1195100,41.30593,-72.5312,1784.421739,1059.782609,2059.889,0.94328107,
1333000,42.70897,-73.19677,1148.730435,693.3086957,1918.8207,7.515420294,
1350000,42.31953,-74.43654,1500.06087,944.1565217,1796.5835,1.18779718,
1350080,42.37703,-74.41292,1545.873913,966.5869565,1574.1766,1.18779718,
1350140,42.42897,-74.47293,1629.234783,995.1652174,1809.5485,1.18779718,
1365000,41.86648,-74.4871,1619.434783,982.3347826,1963.645,0.273974835,
1411300,39.30694,-74.82056,1551.104348,766.5391304,1870.5265,0.880746362,
1413500,42.14481,-74.65349,1126.791304,664.5826087,1838.9329,2.832147469,
1414500,42.1062,-74.73043,1578.978261,966.3521739,1751.7451,2.832147469,
1415000,42.12009,-74.81849,1576.265217,968.1130435,1909.7612,2.832147469,
1423000,42.1662,-75.13989,1314.430435,693.7304348,1881.6251,4.787465381,
1434025,41.99537,-74.50099,1573.313043,963.0434783,1867.0459,0.562448596,
1435000,41.89009,-74.58988,1619.73913,986.7608696,1894.6781,0.562448596,
1439500,41.08815,-75.03767,1602.834783,903.4304348,1736.0977,0.29963077,
1440000,41.10667,-74.95222,1578.56087,890.5652174,1783.4348,0.020423225,
1440400,41.08481,-75.21462,1617.365217,904.4913043,1764.5519,0.29963077,
1451800,40.66176,-75.62685,1374.117391,618.8565217,1694.7391,9.41858121,1.156519146
1466500,39.885,-74.50528,1593.408696,857.8695652,1551.7712,2.693504801,
1484100,38.90578,-75.51275,1166.069565,701.1913043,1751.5231,22.0310629,1.523833861
1485500,38.22892,-75.47144,1490.617391,762.7217391,1886.121,13.24522131,
1486000,38.21389,-75.67139,1801.434783,889.2956522,1959.8267,18.21221213,2.298739121
1487000,38.72833,-75.56186,1222.352174,719.126087,1665.9657,22.0310629,1.523833861
1491000,38.99719,-75.78581,1602.46087,650.4347826,1752.4668,22.0310629,1.523833861
1510000,42.54118,-75.89964,1172.03913,684.9565217,1785.4067,17.7806124,2.118441197
1516500,41.79091,-77.01469,1262.473913,678.5,1750.8484,2.700991056,
1518862,41.92313,-77.53193,1176.756522,687.7478261,1854.7554,1.972058484,
1532000,41.70702,-76.48467,1372.573913,680.573913,1782.0942,14.01319679,2.431316167
1539000,41.07814,-76.43106,1118.334783,658.7043478,1721.9309,0.447051377,
1542810,41.57895,-78.29251,1574.443478,954.926087,1946.2045,0.850339562,
1543000,41.4134,-78.19695,1575.373913,953.426087,1938.6348,0.163933872,
1543500,41.31728,-78.10306,1522.847826,913.373913,1852.7722,0.163933872,
1544500,41.4759,-77.82582,1593.169565,952.3,1903.777,0.216501847,
1545600,41.38951,-77.69082,1587.617391,946.5826087,1922.8774,0.216501847,
1547700,41.05951,-77.60583,1098.152174,652.6521739,1781.7766,0.216501847,
1548500,41.52174,-77.44748,1613.982609,963.6913043,1841.9154,2.700991056,
1549500,41.47368,-77.23081,1553.586957,931.573913,1954.139,0.440096181,
1550000,41.41841,-77.03275,1581.204348,946.6173913,1967.835,0.440096181,
1552000,41.32508,-76.91246,1002.013043,647.1608696,1833.0951,3.416712386,
1552500,41.35702,-76.53467,1628.534783,960.0478261,2019.273,3.416712386,
1557500,40.68367,-78.23362,1008.873913,588.1217391,1681.8584,2.903550706,
1567500,40.37092,-77.40221,1247.852174,667.9913043,1820.0023,12.04968316,0.889150568
1568000,40.32342,-77.16887,1194.926087,664.0478261,1766.1097,12.04968316,0.889150568
1580000,39.62997,-76.40331,1713.882609,869.7826087,2025.1838,17.24417884,
1583500,39.51078,-76.6765,1639.004348,856.6304348,1941.9131,27.73167305,2.492961351
1586610,39.45189,-76.95531,1544.230435,674.9521739,1960.0853,21.89051385,2.665388637
1591400,39.25597,-77.05106,1541.234783,633.0956522,1996.005,26.70891153,3.12203529
1594950,39.27669,-79.39031,1163.321739,727.4130435,1856.4067,3.977554997,
1596500,39.57006,-79.10194,1524.2,885.5434783,1882.7698,1.873732593,
1605500,38.63567,-79.33782,1173.213043,748.7,1855.8633,0.357590096,
1606500,38.99122,-79.17587,1480.308696,733.4434783,1806.6847,0.357590096,
1613050,39.89842,-78.13223,1252.895652,660.8347826,1687.9651,5.344172842,
1620500,38.33763,-79.24004,1408.095652,718.8956522,1957.4657,0.355708898,
1632000,38.63706,-78.8528,1159.926087,716.5478261,1993.2169,1.025545646,
1632900,38.69345,-78.64279,1131.617391,691.2043478,1948.527,1.025545646,
1634500,39.08122,-78.32945,1448.265217,607.3695652,1838.0426,12.11297185,2.165084494
1638480,39.25455,-77.57638,1515.204348,576.6608696,1874.1353,28.02691445,2.868516975
1639500,39.61236,-77.23744,1127.734783,669.8304348,1743.9866,11.4053232,0.855342014
1644000,39.01955,-77.57749,1188.013043,681.6304348,1781.8898,28.02691445,2.868516975
1658500,38.58734,-77.4286,1280.678261,449.326087,1942.341,10.6590393,1.828128172
1664000,38.53068,-77.8136,1271.830435,646.7782609,1745.8456,25.76739687,3.488395948
1666500,38.32513,-78.09556,1064.526087,585.6695652,1822.3717,18.14101647,3.059892645
1667500,38.35041,-77.975,1201.352174,691.8913043,1827.8544,20.43861089,3.164052034
1669000,37.87708,-76.90052,1389.743478,500.2434783,2044.0448,5.424641171,
1669520,37.63375,-76.69635,1405.83913,527.3608696,2027.0122,5.424641171,
2011400,38.04235,-79.88144,1729.26087,1013.691304,1900.3822,0.153529521,
2011460,38.2454,-79.76866,1654.108696,983.2826087,1858.5532,0.153529521,
2013000,37.8029,-80.047,1648.017391,957.8391304,1937.3131,1.238502547,
2014000,37.72901,-80.04228,1629.708696,941.9695652,1911.9388,1.238502547,
2015700,38.1954,-79.57032,1253.626087,765.2565217,1884.9542,0.153529521,
2016000,37.7918,-79.75949,1552.691304,758.7173913,1836.5907,0.167569818,
2017500,37.50624,-80.10671,1208.282609,747.9521739,1987.2651,1.238502547,
2018000,37.66596,-79.91144,1684.465217,919.5347826,2094.129,0.167569818,
2027000,37.71542,-78.98169,1243.434783,703.1521739,1919.1292,0.109430238,
2027500,37.70236,-79.02752,1274.2,596.4478261,1925.6422,2.999684852,
2028500,37.86959,-78.82335,1529.978261,747.8304348,2012.3462,0.109430238,
2038850,37.41542,-78.63584,1251.46087,413.5826087,2047.2065,21.8085199,3.5619648
2046000,37.06709,-77.60249,1249.947826,398.0521739,2034.1545,2.873591157,
2051000,36.99737,-78.34972,1527.804348,668.6521739,1977.9008,0.722557907,
2051500,36.71681,-77.83166,1487.586957,571.173913,2019.3884,0.901473627,
2053200,36.37083,-77.02556,1409.386957,593.6869565,1931.3802,22.32909139,3.553426162
2053800,37.14013,-80.26643,1553.047826,663.1130435,1974.9309,0.511690183,
2055100,37.41763,-79.93532,1546.326087,703.5347826,1879.3564,17.1779509,3.124608094
2056900,37.04514,-79.8442,1654.778261,856.7826087,1980.5831,17.1779509,3.124608094
2059500,37.1732,-79.52031,1527.978261,591.0956522,1895.5974,17.1779509,3.124608094
2064000,37.12681,-78.95974,1225.691304,424.6391304,1937.9447,21.8085199,3.5619648
2065500,37.07931,-78.76362,1502.382609,665.9913043,2012.2584,21.8085199,3.5619648
2069700,36.57097,-80.12949,1568.36087,743.773913,2004.606,0.925160047,
2070000,36.56819,-79.98726,1577,585.4,1947.4696,20.71014482,3.421631018
2074500,36.61958,-79.50419,1519.321739,703.7869565,1843.171,20.71014482,3.421631018
2077200,36.39778,-79.19667,1435.230435,632.7391304,1934.9397,23.71207003,3.730734262
2081500,36.19417,-78.58306,1336.086957,434.9347826,1987.463,23.6840768,3.677259795
2082950,36.18333,-77.87611,1398.6,465.2565217,2052.1184,15.1874561,3.044821617
2092500,35.06417,-77.46139,1208.304348,688.3,1950.3818,7.526658319,
2096846,35.98722,-79.20611,1290.078261,443.2695652,1948.6877,4.637505369,
2102908,35.18278,-79.1775,1519.921739,390.5173913,1524.9136,29.51224502,3.85902711
2108000,34.82889,-77.83222,1469.008696,556.6695652,2077.4314,8.540005472,
2111180,36.07139,-81.40306,1470.365217,678.0478261,2172.6997,0.876395645,
2111500,36.175,-81.16889,1595.713043,847.5869565,1945.5355,0.876395645,
2112120,36.25028,-81.04444,1389.569565,609.4478261,2135.2595,0.876395645,
2112360,36.31139,-80.80722,1397.856522,639.4956522,2010.7849,27.40829967,3.634048442
2118500,36.00056,-80.74556,1348.673913,573.0913043,1993.9137,27.40829967,3.634048442
2125000,35.33472,-80.33556,1277.065217,713.6173913,2096.3586,35.3665173,3.873230483
2128000,35.38722,-79.83139,1480.043478,602.9869565,1966.2101,1.230120389,
2137727,35.68583,-82.06028,1257.5,684.273913,1954.8618,0.149685015,
2140991,35.83361,-81.71194,1492.4,691.7565217,2030.6437,0.422092419,
2143000,35.68444,-81.40333,1310.065217,464.6956522,2033.857,29.51101333,3.788098794
2143040,35.59069,-81.56704,1344.543478,493.8478261,2117.5698,0.422092419,
2149000,35.42345,-82.1115,1553.286957,816.173913,1967.0883,3.96672601,
2152100,35.49306,-81.68222,1570.147826,826.1608696,1949.4207,30.40321789,3.836297479
2177000,34.81398,-83.30599,1442.786957,625.4913043,2074.6455,0.216819638,
2178400,34.89037,-83.53044,1437.917391,657.2565217,1961.1747,0.496598186,
2193340,33.68263,-82.85792,1160.986957,453.1652174,1880.4156,0.060146236,
2196000,33.7293,-82.18179,1296.695652,366.726087,1826.3529,0.014197276,
2198100,32.93766,-81.81539,1361.813043,391.4304348,1806.5714,10.38433821,2.391125953
2202600,32.16798,-81.48817,1654.147826,906.4173913,1853.2627,1.785408931,
2212600,33.09985,-83.72351,1293.759091,399.4454545,1750.6013,0.13428055,
2215100,32.23944,-83.50167,1462.945455,658.6818182,1707.7631,32.51252025,3.669598742
2216180,31.99139,-82.92194,1591.65,800.0181818,1770.8599,32.80209177,3.83350894
2221525,33.25236,-83.48128,1312.130435,372.4130435,1965.5852,0.140451735,
2231000,30.35885,-82.0815,2551.822727,1289.413636,1853.8599,30.55287052,3.786480419
2231342,27.56865,-80.79617,1927.882609,906.5391304,1903.4324,56.31191187,3.861106245
2235200,28.87453,-81.48938,1754.921739,913.7,2092.164,32.98877984,3.501403213
2245500,29.97941,-81.85204,1831.721739,924.2130435,1849.9069,36.9483184,3.902763739
2246000,30.1133,-81.90649,2627.036364,1305.809091,1939.7625,7.752410987,1.895075109
2296500,27.37504,-81.79647,1276.426087,679.1913043,1985.4543,56.3730268,3.906864865
2297155,27.48726,-82.02342,1566.395652,720.5913043,1902.1056,46.106268,3.788603455
2297310,27.19949,-81.98842,1700.76087,843.5521739,2013.2131,56.3730268,3.906864865
2298123,27.052,-81.78453,1378.2,724.0130435,1940.3652,56.3730268,3.906864865
2298608,27.34366,-82.15676,1765.304348,906.6478261,1944.2283,46.106268,3.788603455
2299950,27.47365,-82.2112,1831.043478,940.5347826,1704.8403,46.106268,3.788603455
2300700,27.79197,-82.35204,1672.221739,919.9086957,1537.7546,45.19686236,3.818772977
2310947,28.31195,-82.05591,1305.443478,484.6782609,1820.9177,46.65140595,3.917331984
2312200,28.57277,-82.15536,1877.782609,889.973913,2039.1294,47.00071957,3.941327768
2314500,30.68056,-82.56056,1662.504545,842.6181818,1967.8191,0.038091603,
2315500,30.32578,-82.73818,1684.431818,863.3090909,2000.7512,13.7132897,2.70815664
2324400,30.09827,-83.47181,1867.245455,1018.440909,1959.5009,39.55323688,3.902901606
2327100,30.12937,-84.49435,2876.154545,1519.181818,2113.4495,23.89499439,3.42462243
2342933,32.01766,-85.29577,1606.354545,788.4318182,1970.56,8.591764685,2.540740067
2349900,32.19556,-83.90222,1580.413636,751.2363636,1505.0222,32.51252025,3.669598742
2350900,31.76444,-84.25333,1552.113636,717.1454545,1876.5372,39.2763327,3.952748791
2361000,31.34295,-85.61049,1493.3,789.8590909,1897.8655,11.88725994,2.592698879
2363000,31.59489,-85.783,1551.677273,736.6227273,2038.6099,9.628087195,2.600591364
2369800,31.02768,-86.70996,1638.027273,838.65,1908.5603,26.87728944,3.80811302
2371500,31.5735,-86.25162,1561.395455,766.1363636,2089.4797,9.143151171,2.417058749
2372250,31.59627,-86.40552,1363.140909,384.6863636,2050.0679,9.143151171,2.417058749
2374500,31.4185,-86.98664,1619.154545,692.25,1986.0446,26.87728944,3.80811302
2381600,34.57037,-84.46882,1626.169565,651.6391304,2085.5747,0.198646139,
2384540,34.87202,-84.72133,1399.995652,493.8086957,2068.1858,3.329923239,
2395120,34.24278,-84.88972,1472.640909,646.7227273,1900.4313,2.760076542,
2408540,32.91679,-86.27025,1655.618182,435.2227273,1859.2173,21.29245982,3.652052021
2415000,33.06679,-85.87913,1626.263636,815.1227273,1818.8708,0.355238879,
2422500,32.58291,-86.9036,1648.495455,797.9045455,2110.5518,7.959507262,2.396565568
2427250,31.99626,-87.06832,1642.281818,687.2909091,2013.0012,0.382122858,
2430085,34.46667,-88.28361,1529.472727,499.7181818,1900.9917,2.334278077,
2430615,34.3925,-88.355,1559.704545,642,1839.1073,2.334278077,
2450250,34.28538,-87.39891,1329.354545,426.4409091,2018.1893,21.52716082,3.402880026
2464000,33.47928,-87.59723,1545.772727,771.4727273,2063.8684,1.449960201,
2464146,33.41345,-87.51056,1340.140909,437.8863636,1894.0995,1.449960201,
2464360,33.42484,-87.64251,1354.495455,406.4227273,1988.2784,1.449960201,
2465493,32.99735,-87.62223,1430.531818,793.15,1997.841,7.721017493,2.136041944
2469800,31.74432,-88.02251,1382.104545,362.2227273,2050.3066,0.067899709,
2472000,31.70694,-89.40694,1581.036364,763.2727273,2027.7499,8.566013828,2.608646314
2472500,31.42583,-89.41472,1603.081818,788.2409091,1923.6984,33.19846434,3.963503463
2479155,31.02528,-89.01667,2464.7,1246.827273,2000.7334,33.19846434,3.963503463
2479300,30.73611,-88.78111,1899.404545,462.4181818,1992.2555,7.911882023,2.175313213
2479560,30.80908,-88.45863,1754.781818,880.0363636,2032.0785,37.50271178,3.945477321
2481000,30.55861,-89.12194,1985.586364,557.5818182,1981.2926,9.328801123,2.586064089
2481510,30.48361,-89.27444,1878.913636,985.3681818,2100.6091,,
3010655,41.96173,-78.19807,1109.078261,666.9521739,1902.669,0.850339562,
3011800,41.76645,-78.71864,1537.630435,935.6652174,1862.0936,,
3015500,41.85256,-79.31727,1145.413043,690.773913,1910.0864,1.98235152,
3021350,42.01533,-79.78255,1348.030435,735.3565217,2012.3228,,
3026500,41.63117,-78.57669,1557.508696,946.0304348,1745.3884,,
3028000,41.57534,-78.69225,1146.834783,680.7521739,1797.0604,,
3049000,40.7159,-79.69949,1574.956522,891.3521739,1855.1073,18.27965848,2.877082897
3049800,40.52035,-79.93811,1475.226087,846.5478261,1761.308,18.27965848,2.877082897
3050000,38.80927,-79.88173,1330.626087,759.0130435,1978.5682,0.449212391,
3066000,39.12705,-79.46838,1036.969565,661.373913,1666.9154,3.977554997,
3069500,39.12288,-79.68117,1245.630435,780.6043478,1938.4504,0.366296603,
3070500,39.61564,-79.70477,1653.147826,941.7043478,1969.422,5.331767566,
3076600,39.65614,-79.39411,1587.113043,938.1173913,1913.7931,1.873732593,
3078000,39.70219,-79.13639,1203.626087,728.6521739,1956.3876,1.873732593,
3140000,40.36285,-81.86236,1222.995652,625.7173913,2031.604,18.61716731,2.423036071
3144000,40.13257,-82.14792,1422.317391,561.3652174,1787.0671,26.26801208,2.740618572
3159540,39.06369,-81.8818,1461.243478,710.8043478,2001.2657,0.993167707,
3161000,36.39333,-81.40694,1581.091304,747.7869565,2026.2256,0.876395645,
3164000,36.64735,-80.97897,1225.195652,606.3826087,2057.3674,14.29097746,2.604319302
3165000,36.64596,-80.91924,1344.326087,733.3086957,2059.877,14.29097746,2.604319302
3170000,37.03763,-80.55672,1401.982609,704.2521739,1980.0035,0.673696342,
3173000,37.26818,-80.70951,1425.126087,755.4869565,2033.1301,0.673696342,
3180500,38.54373,-79.83312,1653.3,1016.304348,1971.4648,0.449212391,
3182500,38.18595,-80.13062,1522.895652,767.9608696,1976.3456,,
3186500,38.379,-80.48397,1610.117391,923.5782609,2063.16,,
3187500,38.29539,-80.52648,1630.134783,945.7217391,2070.1736,0.05589993,
3213700,37.67316,-82.28014,6553,,1850.566,0.225660429,
3237280,38.64369,-83.21574,1494.765217,720.8521739,1853.4388,2.468199155,
3237500,38.80368,-83.42102,1349.991304,692.7913043,1880.4839,2.468199155,
3238500,38.85813,-83.92854,1153.704348,652.6869565,1793.3175,18.16233314,1.217520165
3241500,39.72284,-83.88271,1407.973913,577.0173913,1858.9586,27.30299631,2.747748263
3280700,37.16509,-83.30796,1500.134783,618.1565217,2021.3629,0.267015141,
3281100,37.15203,-83.7602,1043.834783,633.2782609,1939.5162,0.96284204,
3281500,37.47981,-83.67519,1190.46087,692.126087,1980.8628,0.96284204,
3285000,37.64202,-84.66078,1153.765217,673.4608696,2020.0126,15.69004446,0.488806894
3291780,38.87811,-85.25718,1449.082609,752.3391304,1905.96,22.21452231,2.785843056
3300400,37.83284,-85.29607,1189.117391,659.1956522,2038.8186,21.87425282,1.66467798
3338780,40.26531,-87.6428,1116.069565,654.8130435,1749.7766,36.45960295,3.536578093
3340800,39.81255,-86.9539,1086.495652,632.9304348,1741.3306,37.33181492,3.353000753
3346000,39.01004,-87.94559,1059.713043,610.6478261,1635.4517,35.77562397,3.505221381
3357350,39.76171,-86.72945,1060.247826,626.3652174,1777.6873,37.33181492,3.353000753
3364500,39.27477,-85.70165,1114.934783,633.326087,1750.5093,38.94615272,3.687843132
3366500,38.80422,-85.67386,1114.104348,644.3869565,2000.3955,31.03489435,2.408353496
3368000,39.07033,-85.48608,1529.156522,764.3956522,1879.7539,37.47709164,3.107237375
3384450,37.47227,-88.54727,1631.618182,776.9772727,2002.2399,24.2961813,1.920197687
3439000,35.14333,-82.82472,1206.869565,740.0478261,2046.0895,0.331953025,
3450000,35.65306,-82.40528,1671.869565,917.2695652,2160.04,0.149685015,
3455500,35.39611,-82.9375,1433.669565,716.0826087,2180.617,0.331953025,
3456500,35.46167,-82.86972,1450.204348,728.6869565,1976.3179,0.331953025,
3460000,35.6675,-83.07361,1461.121739,708.0043478,2187.0251,0.667161242,
3463300,35.83151,-82.18429,1420.273913,678.1521739,2104.7866,0.149685015,
3471500,36.76039,-81.63123,1354.93913,836.8695652,2223.7146,1.20183279,
3473000,36.65178,-81.84401,1493.608696,759.126087,2230.5588,1.20183279,
3479000,36.23917,-81.82222,1312.830435,816.9695652,2070.504,0.599854837,
3488000,36.89678,-81.74623,1628.517391,784.5956522,2090.0884,1.20183279,
3498500,35.78562,-83.8846,1284.478261,771.0608696,1914.9586,2.433370211,
3500000,35.15,-83.37972,1434.582609,747.2086957,1943.6355,0.053412687,
3500240,35.15889,-83.39417,1275.76087,759.3173913,1727.7803,0.053412687,
3504000,35.1275,-83.61861,1668.808696,905.526087,2008.1095,0.048676799,
3574500,34.62425,-86.30637,1436.181818,762.9409091,2016.2289,3.204093717,
3592718,34.83556,-88.28806,1405.313636,677.4318182,1875.2867,8.531429822,1.805824393
3604000,35.49591,-87.8328,1389.645455,585.4772727,2033.6823,1.727084168,
4015330,46.94688,-91.7924,1134.826087,660.0913043,90.16841,,
4024430,46.63327,-92.09408,1105.6,604.0652174,1381.2484,0.19152295,
4027000,46.48661,-90.6963,1188.804348,658.5652174,1623.889,0.771575681,
4040500,46.58411,-88.57597,1171.413043,671.4565217,1493.9038,,
4043050,47.22854,-88.38539,1298.517391,763.2826087,1401.2928,,
4045500,46.57502,-85.26955,1287.813043,778.1130435,1473.4677,,
4056500,46.03053,-86.16125,1292.552174,758.4956522,1301.3484,,
4057510,45.94302,-86.7057,1278.530435,748.3956522,1419.0841,0.572290909,
4057800,46.4991,-87.88652,1094.13913,660.4869565,1341.6937,0.062541122,
4059500,45.75552,-87.20152,1073.682609,682.8043478,1389.4612,1.510517069,
4063700,45.76357,-88.46318,1191.43913,681.6217391,1631.8297,0.23002444,
4074950,45.18997,-88.73344,1080.208696,628.8956522,1578.1078,0.140999707,
4105700,42.35337,-85.35389,1362.169565,643.2565217,1632.4857,26.03648218,2.421364967
4115265,43.24976,-84.98113,1081.391304,633.1913043,1443.2971,22.19885436,1.908528545
4122200,43.46418,-86.23257,1731.952174,1068.773913,1653.0388,9.345577131,1.595514442
4122500,43.94501,-86.27869,1375.404348,783.0782609,1387.3665,13.66957794,1.891571358
4124000,44.43639,-85.69868,1075.217391,673.6521739,1341.6969,1.621427186,
4127918,46.18585,-84.59783,1238.078261,767.9391304,1306.6001,,
4127997,45.27446,-84.60003,1055.830435,680.3521739,1412.138,9.94200162,2.102336487
4161580,42.80086,-83.09021,1143.908696,683.8869565,1566.1014,19.90886854,2.472130376
4185000,41.5045,-84.42967,962.1826087,585.6521739,1412.657,24.96072516,2.537965165
4196800,40.92283,-83.34881,921.2217391,574.426087,1333.8909,27.74145744,2.943085702
4197100,41.02228,-83.10964,940.0130435,583.5913043,1439.4265,24.61408783,2.727620534
4197170,41.11367,-83.16825,6553,,1336.1469,24.61408783,2.727620534
4213000,41.927,-80.60397,1501.417391,751.973913,1607.1201,10.2883452,2.087898979
4213075,41.992,-80.29117,1512.517391,738.7043478,1905.8983,17.80849721,2.812906497
4216418,42.86395,-78.28363,949.2826087,585.4782609,1742.3524,19.57813422,1.66013444
4221000,42.12229,-77.95722,1025.052174,640.4130435,1754.7811,8.789936402,1.597539391
4224775,42.53562,-77.70416,1333.095652,644.9,1787.0889,25.86040698,2.141141028
4233000,42.39313,-76.54494,1358.2,676.4304348,1794.6519,12.14688332,1.75549926
4256000,43.74729,-75.33435,1616.156522,991.7608696,1768.6216,3.870546308,
4296000,44.86894,-72.2701,1164.878261,656.473913,1667.48,1.998548445,
5056000,47.80555,-98.71622,843.9043478,499.7652174,829.89294,7.489230917,1.697219626
5057000,47.43277,-98.0276,904.726087,506.726087,1031.3656,5.819677695,1.894403601
5057200,47.22916,-98.12482,804.8869565,472.3565217,958.3362,5.819677695,1.894403601
5062500,47.26663,-96.24478,963.6217391,533.3608696,1257.8461,6.485101643,1.672291883
5087500,48.34109,-96.81812,749.8956522,454.673913,788.61835,3.920613056,1.387183752
5120500,48.13834,-100.53986,727.673913,452.2478261,787.1535,11.61218749,1.159786831
5123400,48.58889,-100.44208,784.4565217,470.8956522,790.28644,7.262660185,0.588247654
5129115,48.26463,-92.56599,1092.965217,621,1380.0583,,
5131500,48.39578,-93.54933,984.7826087,586.6478261,1340.1788,,
5291000,45.29163,-96.48756,903.6521739,525.7608696,1243.3359,22.49287898,2.684302638
5362000,45.30803,-90.95652,956.3913043,596.4956522,1609.9978,14.11329138,1.716493912
5393500,45.44913,-89.97931,1259.721739,651.8869565,1646.4055,6.40926518,1.559592897
5399500,44.82191,-90.07958,1146.582609,660.6869565,1673.2059,22.68032595,2.029803115
5408000,43.57414,-90.64319,1149.186957,625.0695652,1806.3693,23.83585259,2.296858652
5412500,42.73999,-91.2618,1055.643478,587.3347826,1937.0254,37.42879541,3.284207203
5413500,42.72027,-90.81929,1087.678261,651.026087,1859.5244,27.24212498,2.455701134
5414000,42.7311,-90.64041,1085.369565,643.9478261,1839.0492,27.24212498,2.455701134
5444000,41.90281,-89.69622,929.6826087,551.9826087,1815.4802,45.97146331,4.541548142
5454000,41.70002,-91.48767,981.9913043,572.873913,1966.651,34.60551573,3.51333928
5458000,43.03328,-92.50354,1083.130435,595.7826087,1788.3257,36.79896703,
5466500,41.18698,-90.96737,1051.4,606.0913043,1564.6123,31.12820775,3.06287478
5487980,41.24688,-93.26607,936.4521739,546.2304348,1769.7435,34.26292147,2.465711373
5488200,41.30055,-93.04548,1165.656522,579.4826087,1869.0518,34.26292147,2.465711373
5489000,41.219,-92.90853,931.7521739,540.8695652,1688.7788,35.45763027,3.179956817
5495000,40.39241,-91.59788,979.5086957,572.2391304,1498.7443,24.55706834,1.756163471
5495500,40.14282,-91.33737,956.4478261,549.5130435,1739.1483,28.04077973,2.730843553
5501000,39.81799,-91.5177,1012.081818,597.8590909,1814.5385,24.01009176,1.452738062
5503800,39.58483,-91.99349,1157.813636,651.8727273,1738.5446,24.01009176,1.452738062
5507600,39.43143,-91.67627,1034.654545,588.7590909,1731.7412,22.1786256,1.716533083
5508805,39.52046,-91.34275,953.6909091,558.0454545,1825.626,28.82471327,2.339867255
5514500,39.0088,-90.97754,1088.277273,568.0227273,1756.123,31.04027887,2.395530083
5525500,40.63004,-87.72392,1062.095652,623.2521739,1671.3625,37.83655141,3.759350997
5556500,41.36587,-89.49843,1008.9,601.5391304,1689.0724,37.76105904,3.593538673
5584500,40.33032,-90.89624,1120.143478,646.9521739,1873.8932,31.16886245,2.731590287
5585000,40.02477,-90.63179,1095.26087,633.3,1948.0983,31.16886245,2.731590287
5591550,39.5067,-88.52756,1019.273913,588.2695652,1692.2938,29.10613951,
5592050,39.40587,-88.89646,927.5652174,535.973913,1630.4347,34.48547385,3.288860254
5592575,38.93699,-88.95284,1205.847826,677.4956522,1963.794,29.63027593,2.312061874
5593575,38.44172,-89.41675,1122.245455,639.6045455,1684.2643,26.07997761,2.385611843
5593900,39.14894,-89.35231,1056.926087,603.4652174,1814.6803,38.08134719,3.587694932
5595730,38.25394,-89.03979,1061.734783,611.3086957,1556.0317,26.07997761,2.385611843
6037500,44.65687,-111.06827,342.6130435,234.6478261,446.51065,,
6043500,45.49743,-111.27051,6553,,768.5055,,
6154410,47.9661,-108.66071,651.4782609,393.0565217,893.0375,23.65096934,1.933159486
6188000,44.92772,-110.39381,378.0173913,263.0521739,523.999,10.07807713,2.241709064
6191500,45.11188,-110.79438,247.5565217,174.6173913,429.20822,,
6221400,43.34551,-109.41014,226.0173913,156.6130435,336.07242,18.27172925,2.386126708
6224000,43.1769,-109.20291,349.0869565,238.926087,358.12424,18.27172925,2.386126708
6278300,44.50802,-107.40369,266.8782609,182.4347826,575.5551,12.7430937,1.706550172
6280300,44.20828,-109.55489,211.5434783,148.0826087,242.34276,6.710953178,1.594830195
6289000,45.00691,-107.61509,557.2478261,363.7521739,676.774,25.81504985,1.98173635
6291500,45.12644,-107.60054,738.4478261,446.4652174,828.2576,25.81504985,1.98173635
6311000,44.02774,-107.08089,416.9478261,269.5130435,595.365,8.94378419,1.626776957
6332515,47.78724,-102.76853,569.673913,352.3608696,820.27264,22.28475299,1.001776786
6339100,47.23613,-102.76991,658.7,389.7304348,758.80206,22.7567572,1.621280642
6339500,47.15445,-102.05989,635.0521739,377.0391304,810.07306,20.39167093,1.30504057
6344600,47.02779,-103.05324,685.4826087,395.9565217,720.0453,25.13574641,1.642744956
6350000,46.42667,-102.55183,583.2043478,348.3217391,797.0537,13.7780045,1.543205738
6352000,46.15417,-102.47405,579.5826087,339.3608696,725.9073,17.20595888,0.889774815
6353000,46.09167,-101.33374,614.0086957,355.9478261,728.7609,23.3649664,1.408084292
6354000,46.37611,-100.93444,583.573913,346.3695652,753.1423,21.24899034,1.245290619
6360500,45.25582,-100.84292,603.2086957,341.3,770.8712,34.15373861,1.992509313
6404000,43.87249,-103.33658,693.5565217,406.7173913,846.9724,28.35117491,2.434256657
6406000,43.82805,-103.19602,682.726087,386.4173913,813.7931,28.35117491,2.434256657
6408700,44.13665,-103.85854,964.7434783,535.9304348,1026.0167,0.060637113,
6409000,44.01359,-103.83048,820.773913,487.9217391,875.93024,0.060637113,
6431500,44.48248,-103.86159,6553,,1018.55383,0.060637113,
6440200,43.96888,-101.76709,516.6826087,297.873913,698.9998,36.76403305,2.549558979
6441500,44.32665,-100.3843,543.1434783,312.8695652,690.5064,32.08788306,1.909539712
6447000,43.7525,-101.52487,502.9173913,292.6347826,690.6844,36.76403305,2.549558979
6447500,43.16667,-101.63015,613.8478261,360.7347826,891.6777,31.82271149,2.529499979
6450500,43.60139,-100.74986,571.2652174,319.573913,911.6567,35.78965406,2.373984737
6452000,43.74833,-99.55649,761.0565217,431.9521739,904.87445,30.74833691,1.373530997
6453600,42.81099,-98.17586,942.3565217,509.3521739,1065.8391,28.76991757,1.79485408
6464500,43.02889,-99.78067,675.926087,369.3695652,1093.3087,27.70526735,1.701344772
6468170,47.55805,-98.86289,805.4130435,479.2695652,872.50195,7.489230917,1.697219626
6468250,47.39972,-98.79761,808.0391304,479.326087,900.13165,6.572481235,1.991300579
6470800,46.22524,-98.07177,835.673913,459.0478261,1088.6315,9.94986136,2.137650025
6477500,43.7764,-98.24567,762.6347826,474.9956522,1149.598,20.47039639,
6479215,45.1808,-97.18619,913.5565217,538.3086957,1093.6986,14.48572513,1.968534479
6479438,45.00608,-97.16508,914.3782609,543.4173913,1107.5339,14.48572513,1.968534479
6601000,42.32158,-96.48768,802.1869565,487.4086957,1653.4377,33.61990244,3.453783435
6614800,40.49609,-105.86501,630.5782609,385.2434783,493.60135,,
6622700,41.37024,-106.52058,589.6869565,373.4826087,852.2037,14.21412354,2.148851738
6623800,41.02358,-106.82477,712.2130435,467.1782609,634.44714,14.21412354,2.148851738
6632400,41.58525,-106.22279,543.7869565,355.5782609,636.50146,20.86339225,2.219458317
6746095,40.53998,-105.88279,751.9086957,486.1652174,617.5049,0.64883614,
6784000,41.03244,-98.74053,896.0434783,455.4391304,1343.5891,37.61396781,2.427009797
6803510,40.89311,-96.68155,775.7956522,450.126087,1203.8926,33.32366012,3.641316579
6803530,41.0157,-96.54428,799.7869565,458.7826087,1444.2908,37.82862953,3.82975673
6814000,39.94778,-96.10862,895.0318182,496.0772727,1420.6487,34.74726498,3.030074941
6847900,39.76985,-100.10078,772.5318182,388.8590909,936.2773,47.12104065,3.738376239
6853800,39.89925,-98.25043,768.0545455,433.9454545,1188.316,39.19208113,2.295910822
6876700,39.13907,-97.83696,791.1272727,393.4772727,1298.8198,39.77022061,1.886133349
6878000,39.03111,-97.04029,872.3727273,381.1954545,1450.4415,35.5769416,1.885091962
6879650,39.10195,-96.59521,935.8090909,419.1681818,1612.9779,39.19738004,3.149740773
6885500,39.68192,-96.44289,798.5409091,436.6181818,1395.5453,34.74726498,3.030074941
6888500,39.06265,-96.15025,886.0818182,420.0863636,1621.9788,36.12697027,2.760297676
6889200,39.23833,-95.8886,911.9681818,403.3136364,1588.6202,31.36081003,2.821678021
6889500,39.09938,-95.72495,901.9272727,422.5636364,1289.001,31.36081003,2.821678021
6892000,39.11633,-95.01088,1035.836364,499.5954545,1692.9141,36.58158626,2.506474357
6903400,40.95189,-93.25985,1085.482609,620.826087,1642.6307,25.29179013,2.305322682
6906800,38.70225,-92.97883,1197.940909,578.0727273,1952.0071,25.54829611,1.56875199
6910800,38.56701,-95.96163,936.6227273,415.7727273,1710.3372,32.98451101,3.021337259
6911900,38.71069,-95.83603,1026.118182,487.4227273,1659.4236,32.98451101,3.021337259
6917000,38.01897,-94.71367,1054.981818,583.7090909,1689.5922,30.26523436,2.674250292
6918460,37.40237,-93.80203,1282.159091,591.3363636,2056.0742,28.45414788,1.381521141
6919500,37.8342,-93.87549,1284.004545,602.5409091,1931.7894,30.76515891,3.461785096
6921070,37.68265,-93.37033,1343.695455,602.7318182,2052.9243,24.55831704,2.888405195
6921200,37.75047,-93.26618,1311.95,611.0681818,2001.9331,24.55831704,2.888405195
6934000,38.38881,-91.81989,1273.086364,536.6863636,1950.8378,27.59004466,3.509237158
7014500,38.15853,-91.10846,1514.968182,780.65,1861.765,23.02218953,3.307368931
7056000,35.98318,-92.74755,1331.809091,584.0045455,1911.9562,,
7057500,36.62303,-92.24813,1395.077273,663.7045455,1790.4315,7.263833777,1.545542453
7060710,35.99535,-92.21265,1578.677273,728.4227273,1929.1941,,
7066000,37.15408,-91.35816,986.0318182,593.5454545,1874.428,,
7067000,36.99138,-91.01351,1056.336364,590.2227273,1856.2809,,
7068000,36.622,-90.84762,1479.295455,541.0272727,1813.4479,0.130671125,
7071500,36.64868,-91.20082,1490.968182,709.1090909,1885.9753,,
7083000,39.17221,-106.38919,688.2434783,480.0391304,409.3119,,
7142300,37.87159,-98.87614,729.3318182,353.2909091,1413.1128,29.20104904,2.409003426
7145700,37.24955,-97.4039,832.4681818,467.1818182,1121.432,13.39576397,1.273962503
7148400,36.81503,-98.64814,663.7,304.5545455,1104.83,34.8412902,2.795199618
7149000,37.0392,-98.47021,705.8681818,336.6409091,1061.2291,18.07970152,0.856379225
7151500,37.12891,-97.60144,844.5181818,472.7318182,1114.722,17.26212037,2.394632227
7167500,37.70821,-96.2236,928.6136364,431.6545455,1746.6255,45.94291461,3.478607628
7180500,38.19645,-96.82458,931.1727273,423.4590909,1577.2664,48.62501162,3.379239862
7184000,37.28125,-95.03267,1006.777273,535.8545455,1740.5564,29.1128275,1.386571854
7195800,36.25548,-94.43394,1344.904545,587.9409091,2231.9226,25.44740534,2.949526756
7196900,35.88008,-94.48661,1388.436364,575.85,2261.2192,0.040197619,
7197000,35.9212,-94.83856,1262.236364,497.6136364,2241.4072,27.33168068,3.267620257
7208500,36.37226,-104.97,517.3652174,344.0217391,712.3165,55.52230999,3.161495658
7226500,35.43838,-103.52579,277.0608696,155.4869565,350.3906,66.99670119,3.704488453
7261000,35.2988,-92.40393,1129.045455,534.9227273,1748.9774,10.58740296,2.548980092
7263295,34.8762,-92.77461,1190.386364,356.8954545,1825.2583,0.038073011,
7290650,32.01778,-90.87694,1380.595455,477.8545455,2093.6646,20.72216271,3.239006238
7291000,31.50306,-90.7775,1506.7,789.6727273,2032.3899,2.26259161,
7292500,31.32472,-91.10944,1436.104545,728.4363636,1928.892,1.651663078,
7295000,31.22694,-91.29556,1453.327273,580.5227273,2113.1533,1.651663078,
7299670,34.35452,-99.74037,583.7869565,268.1956522,995.89984,59.7443958,3.894224254
7301410,35.4731,-100.12095,660.0521739,309.573913,1116.4753,64.62334154,3.6500383
7301500,35.16811,-99.50731,656.4086957,319.5869565,1162.3657,63.78054784,3.730438744
7315200,33.81288,-98.08504,859.8782609,350.426087,1471.8082,14.91370566,1.72647429
7315700,34.00426,-97.56697,897.1130435,404.5173913,1704.022,58.05416357,3.740632285
7335700,34.63844,-94.61272,1379.459091,484.6545455,1948.5145,0.296467818,
7340300,34.37955,-94.23576,1292.409091,492.4863636,1819.6069,,
7346045,32.77792,-94.35742,1337.963636,671.5409091,1792.1941,8.693845021,2.552771828
7359610,34.38278,-93.60611,1480.118182,747.4727273,1994.2565,,
7362100,33.37596,-92.77711,1115.795455,310.5772727,1722.7391,,
7362587,34.79759,-92.93351,1248.163636,368.2863636,1901.219,0.038073011,
7373000,31.53629,-92.40847,1491.227273,754.5227273,1958.6316,0.04101963,
7375000,30.61602,-90.24869,1830.677273,430.35,2168.061,37.39611672,3.959475469
7376000,30.5038,-90.67732,1676.881818,837.8272727,2101.8162,28.63314057,3.825683652
8013000,30.99602,-92.67375,1695.863636,323.4,2046.2822,0.43773962,
8014500,30.69875,-92.89319,1751.3,358.1,1978.4229,0.43773962,
8023080,31.97933,-93.93408,1608.372727,747.2136364,2080.549,,
8025500,31.30713,-93.51573,1670.181818,593.0318182,2014.8108,,
8029500,30.81889,-93.78556,1744.147826,810.7913043,2057.9133,27.26549654,3.817163619
8050800,33.55455,-96.94723,1070.904348,475.073913,1864.7092,46.50103109,3.68713627
8066200,30.71631,-94.95882,6553,,2072.6663,31.66056524,3.92102352
8066300,30.48139,-94.77972,1651.478261,796.1565217,2215.1013,31.05650798,3.735262183
8070000,30.3366,-95.1041,1343.96087,705.5695652,2070.3281,30.51289237,3.838464879
8070200,30.14549,-95.12438,1662.543478,828.4434783,2325.44,30.51289237,3.838464879
8079600,33.03843,-101.19763,424.3391304,208.5956522,802.3364,71.0492665,3.911857128
8082700,33.32927,-99.46508,668.9173913,305.4043478,962.2702,57.14716314,3.657785877
8086212,32.7329,-99.14063,739.7,355.4391304,1251.4524,65.29990398,3.93101345
8086290,32.64846,-99.00451,803.0913043,370.7869565,1188.4233,65.29990398,3.93101345
8101000,31.28489,-97.88502,975.4521739,468.6652174,1442.503,55.45628101,3.948792566
8104900,30.62575,-97.69112,760.6478261,397.3652174,1551.3895,53.70678341,3.929492046
8109700,30.33938,-96.9047,1206.517391,540.3869565,1838.2716,63.54833647,3.963152535
8150800,30.64352,-99.09588,858.3391304,463.0304348,1331.8359,64.55548652,3.984314061
8155200,30.29632,-97.92557,1001.247826,499.3130435,1531.1975,46.67684167,3.868942385
8158700,30.08299,-98.00779,1264.808696,686.4869565,1693.4642,56.66078622,4.022571935
8158810,30.15549,-97.94001,1027.808696,517.2608696,1678.0298,46.67684167,3.868942385
8164000,28.95998,-96.68637,1560.769565,696.7521739,1963.3486,59.34896317,3.972913452
8164300,29.46691,-96.81276,1367.608696,663.8086957,1903.6833,57.01285026,3.936522708
8164600,28.89138,-96.81915,1502.682609,594.9565217,1989.5039,59.34896317,3.972913452
8165300,30.0641,-99.38699,1010.917391,550.4130435,1473.3978,58.59647818,4.004768942
8171300,29.97938,-97.91,1041.417391,530.2782609,1758.7253,65.48972949,4.008648001
8175000,29.21525,-97.44943,1731.034783,330.3173913,1777.4442,65.47480714,3.953854229
8176900,28.86165,-97.22638,1429.46087,684.8391304,1911.6125,63.14575084,3.978320743
8178880,29.72384,-99.07004,890.0347826,477.6304348,1410.2681,56.11472153,4.047897368
8189500,28.29195,-97.27916,1856.573913,444.6695652,2006.6224,60.18196646,3.960847413
8190000,29.42857,-99.99729,778.9869565,401.1695652,1451.4131,58.73192173,4.031335166
8190500,29.47273,-100.23646,852.6521739,427.6478261,1549.5577,60.59949968,4.06497431
8194200,27.96501,-98.96697,780.6652174,358.8826087,1455.5137,62.3199875,4.074524374
8195000,29.48857,-99.70478,1013.6,497.6173913,1582.5544,58.73192173,4.031335166
8196000,29.50468,-99.78145,958.6217391,476.6956522,1542.1138,57.45410377,4.046860405
8198500,29.31431,-99.48047,900.3652174,447.4434783,1287.0879,64.61141665,4.097920068
8200000,29.56967,-99.24671,1186.747826,654.5565217,1472.3575,56.11472153,4.047897368
8202700,29.37079,-99.28782,893.8043478,519.1565217,1431.4542,64.61141665,4.097920068
8267500,36.54169,-105.5564,696.5956522,450.8217391,843.81866,24.29369315,3.164708115
8269000,36.43947,-105.50362,925.8173913,566.0565217,717.6864,26.24160346,3.558738656
8271000,36.50836,-105.53084,786.1304348,504.8,962.3811,24.29369315,3.164708115
8324000,35.66169,-106.74337,424.1521739,237.7217391,255.68405,2.941222576,0.525183807
8377900,35.77725,-105.65807,985.6,582.4652174,1113.7019,1.100830405,
8378500,35.70837,-105.68252,917.3478261,546.3695652,988.26794,1.100830405,
8380500,35.65199,-105.3189,988.4478261,547.1304348,1153.842,28.6650236,3.397134468
9034900,39.76026,-105.9064,733.9391304,488.3913043,660.071,,
9035800,39.80054,-106.02641,805.0913043,525.8434783,659.549,,
9035900,39.79582,-106.03057,419.7565217,288.8652174,666.2944,,
9047700,39.59443,-105.97252,688.2826087,478.8,664.39496,,
9065500,39.62582,-106.27808,575.073913,395.8347826,872.62494,,
9066000,39.59638,-106.26503,801.4956522,548.3826087,808.7774,,
9066200,39.64832,-106.32308,611.3086957,420.6,889.6347,,
9066300,39.64582,-106.38225,6553,,930.62537,,
9081600,39.23221,-107.22727,652.4652174,435.6434783,1020.84314,10.03945699,2.167809958
9107000,38.86027,-106.5667,315.9173913,223.7,483.79428,8.816961013,1.848687396
9210500,42.09605,-110.41656,335.0043478,221.4347826,237.17506,12.08220942,1.547696535
9223000,42.11049,-110.70962,656.7391304,418.2869565,689.7708,13.47499234,2.096303824
9306242,39.92025,-108.47287,347.7217391,221.6826087,277.30023,21.73654918,3.023070545
9312600,39.87579,-111.03739,353.4826087,234.3913043,447.4907,15.84587584,2.632893073
9352900,37.4775,-107.54367,912.1782609,611.8391304,1070.6887,18.20268754,3.070583455
9378170,37.84666,-109.36956,428.2391304,261.0826087,679.98334,43.93883288,3.753479623
9378630,37.75555,-109.47651,627.3913043,352.6608696,1048.0176,43.93883288,3.753479623
9386900,35.28253,-108.55341,444.073913,277.1434783,387.5057,35.16050968,3.470181861
9404450,37.33943,-112.60438,645.3347826,408.8652174,749.6173,26.31913006,2.692878261
9430500,33.06118,-108.53727,440.9652174,249.3652174,583.2767,28.28225898,3.20562981
9430600,33.16673,-108.64978,501.7913043,289.9826087,719.2573,28.28225898,3.20562981
9447800,32.95562,-109.53119,304.6173913,160.3,136.9973,31.34510875,3.45528034
9480000,31.35538,-110.58953,528.8956522,240.8695652,543.6024,40.77797826,1.917587207
9484000,32.31674,-110.81037,356.9956522,170.8913043,535.75397,29.43223022,2.272632142
9484600,32.03591,-110.67758,408.9043478,184.2521739,203.51894,29.43223022,2.272632142
9492400,33.82227,-109.81454,1210.869565,642.0521739,1132.2781,0.418581062,
9494000,33.73644,-110.16677,478.926087,281.5652174,501.80563,52.97080315,4.003781475
9497800,33.84311,-110.55761,474.6826087,273.3391304,578.27106,44.12124688,3.831215559
9497980,33.82783,-110.85623,903.9782609,470.9652174,1052.8135,44.12124688,3.831215559
9505200,34.67474,-111.67209,804.0826087,389.3391304,514.5481,47.4620745,3.775291753
9505350,34.72863,-111.77571,412.6608696,227.0565217,303.27612,47.4620745,3.775291753
9505800,34.53864,-111.69404,519.2565217,246.8956522,508.94394,47.4620745,3.775291753
9508300,34.16087,-111.69292,356.9043478,169.8043478,348.66364,47.87756517,3.811345848
9510200,33.69421,-111.5418,298.2608696,125.5956522,319.73846,32.18209733,1.344180312
9512280,33.88726,-111.95404,355.9173913,157.3,275.3334,32.18209733,1.344180312
9513780,33.9742,-112.09905,288.0434783,133.2130435,261.20413,27.86202948,1.733087367
10023000,41.60994,-111.25409,310.0130435,208.526087,267.19495,16.19310256,1.789805231
10166430,40.40523,-112.1005,358.8652174,223.4043478,850.1124,39.61871982,3.473004096
10172700,39.97939,-112.38023,409.9173913,249.3130435,461.75278,32.71441894,3.152364119
10172800,40.49633,-112.5744,490.0521739,284.1695652,831.0617,45.34730067,3.543791194
10173450,37.62276,-112.51688,371.4913043,246.6086957,580.5533,17.14661597,2.59564372
10205030,38.91191,-111.53047,426.8913043,270.9826087,656.83344,17.06116916,2.652394711
10234500,38.28053,-112.56827,582.6434783,394.2913043,519.1441,23.19658991,3.081423806
10242000,37.6722,-113.03467,305.2869565,201.0913043,438.43906,30.47919509,3.435582265
10244950,39.20154,-114.68916,383.3217391,242.5173913,536.6724,17.66461824,2.76090108
10249300,38.88743,-117.24537,204.8521739,125.6565217,111.90888,21.14291877,2.560960755
10258000,33.80502,-116.55918,244.7608696,127.1434783,258.8844,12.458726,1.365195761
10258500,33.74502,-116.53557,249.7347826,131.4869565,56.876766,12.458726,1.365195761
10259000,33.76002,-116.55002,296.5347826,155.8,359.58817,12.458726,1.365195761
10259200,33.63114,-116.39223,133.9304348,54.8,41.92159,17.12947703,3.244393779
10263500,34.42083,-117.83951,375.1913043,202.2130435,485.7129,3.715133402,0.415440792
10310500,39.11324,-119.79824,322.5347826,209.8391304,328.17,12.70697885,1.986022285
10316500,40.69076,-115.477,441.4304348,271.1130435,778.70685,22.91720449,2.435829202
10329500,41.53462,-117.41791,200.9695652,128.0608696,172.18842,30.24309949,2.401065872
10336645,39.05185,-120.11852,1055.486957,577.1217391,337.28375,,
10336660,39.10741,-120.16214,999.873913,547.4130435,1145.0715,,
10336740,39.06658,-119.93546,960.8521739,564.7173913,886.5484,12.70697885,1.986022285
10343500,39.43157,-120.23798,975.6173913,488.2434783,1469.9722,,
10348850,39.35435,-119.85852,832.9173913,475.3434783,1106.4438,12.70697885,1.986022285
10396000,42.79083,-118.8675,358.3652174,232.9956522,263.9617,23.46084795,2.426998448
11098000,34.22223,-118.17757,1141.521739,724.9434783,1235.4714,11.69832573,1.181874636
11124500,34.59666,-119.90875,1350.591304,935.9217391,903.50604,12.63957611,1.395124285
11141280,35.23553,-120.47239,1991.16087,1335.569565,1515.6339,17.99930343,1.298502697
11143000,36.2458,-121.77329,2991.308696,1899.552174,875.6867,,
11148900,35.78858,-121.09381,1444.921739,1013.678261,1207.0851,,
11151300,36.26802,-121.0663,618.9695652,383.4,627.41266,11.83373385,0.555275887
11162500,37.26078,-122.32886,2936.782609,1867.356522,2066.7798,0.0768273,
11176400,37.56132,-121.68384,1412.852174,967.8391304,880.6199,17.7309252,1.663694062
11180500,37.60605,-122.02385,6553,,938.1572,0.102021358,
11180960,37.71771,-122.05441,6553,,1444.4059,0.102021358,
11224500,36.21468,-120.47071,505.1478261,281.5304348,438.20935,26.17627257,0.680603575
11230500,37.33939,-118.97345,810.4565217,569.1130435,830.7608,6.979193519,1.296133938
11237500,37.19856,-119.21373,753.3478261,406.0652174,1280.7036,0.016245058,
11253310,36.40217,-120.43349,375.8347826,212.9173913,376.58994,26.17627257,0.680603575
11264500,37.73159,-119.55877,1093.169565,734.4521739,971.657,0.025111013,
11266500,37.71687,-119.66628,1244.213043,664.5652174,1374.7095,0.025111013,
11274500,37.31549,-121.12521,575.7217391,364.2695652,592.6416,11.95861741,1.16798126
11274630,37.4866,-121.2091,672.2347826,411.9304348,567.1619,11.95861741,1.16798126
11284400,37.84187,-120.18491,1045.747826,664.3391304,1392.3314,22.91530577,2.616943664
11299600,37.96104,-120.6152,933.0565217,594.126087,798.72565,20.31397801,1.020734864
11381500,40.0546,-122.02415,723.8565217,450.7869565,378.06723,21.06626115,2.797050122
11383500,40.01405,-121.94832,649.9434783,396.6391304,455.36758,0.049257238,
11451100,39.16545,-122.61999,846.5130435,488.1478261,1293.2535,13.1831728,1.589456698
11468500,39.42822,-123.73779,2296.869565,1307.673913,2421.0574,0.072682825,
11473900,39.70627,-123.32529,1137.926087,749.2956522,1556.6384,,
11475560,39.7296,-123.64391,2329.456522,1201.673913,2370.486,,
11476600,40.35125,-124.00393,2112.434783,1165.773913,2517.4707,0.201324774,
11478500,40.48042,-123.89088,1784.934783,912.473913,2142.849,,
11480390,40.28431,-123.3353,1023.543478,584.8652174,1567.4716,,
11481200,41.01096,-124.08173,2292.26087,1481.630435,2610.6206,,
11482500,41.29929,-124.05118,2273.734783,1312.821739,1701.4102,,
11522500,41.37763,-123.47756,1320.886957,754.1826087,1727.7675,,
11523200,41.11126,-122.70558,1053.343478,508.7043478,1578.0365,,
11528700,40.64986,-123.4942,1300.365217,751.7478261,1546.1967,,
11532500,41.7915,-124.07619,2008.873913,1219.813043,1690.9197,,
12010000,46.37399,-123.74348,1731.030435,1081.982609,2243.8752,,
12013500,46.65093,-123.65266,1449.213043,909.2608696,2004.4316,,
12020000,46.61732,-123.27764,1450.786957,903.3043478,2021.9497,1.641798789,
12025000,46.6201,-122.94513,1208.634783,770.7565217,1350.783,0.185221409,
12025700,46.7726,-122.59401,1392.569565,834.9173913,1906.4999,0.185221409,
12035000,47.00065,-123.49488,1221.973913,805.7782609,1986.8003,,
12040500,47.53786,-124.31575,1861.586957,1080.778261,1730.4396,,
12041200,47.80675,-124.25103,1590.869565,1018.291304,1789.7736,,
12043000,47.96008,-124.39299,1599.352174,1004.613043,1766.1924,,
12048000,48.01426,-123.13268,1486.886957,827.4695652,1547.5701,,
12054000,47.68398,-123.01155,1495.034783,820.626087,1310.1526,,
12056500,47.51426,-123.32989,1370.969565,805.1521739,1203.7512,,
12073500,47.38926,-122.69902,1364.734783,841.4695652,1052.0286,0.10467514,
12082500,46.75261,-122.08372,1393.952174,776.8217391,1896.4021,1.495589213,
12092000,46.90372,-122.03511,1425.252174,789.0913043,1599.7888,1.495589213,
12095000,47.13955,-122.09261,1062.908696,698.6478261,1752.4711,0.169243862,
12114500,47.34205,-121.54899,1258.617391,703.5130435,1487.099,0.165470752,
12115000,47.37011,-121.6251,1289.317391,788.873913,1435.5724,0.165470752,
12115500,47.35066,-121.66316,1382.069565,725.8695652,1312.4324,0.165470752,
12117000,47.38649,-121.84622,1439.817391,772.9086957,1477.6168,0.165470752,
12141300,47.48594,-121.64788,1283.682609,722.2347826,1400.1451,0.165470752,
12143600,47.4526,-121.71788,1382.46087,818.5956522,1601.4777,0.165470752,
12144000,47.49288,-121.79011,901.9695652,588.8956522,1652.6455,0.165470752,
12145500,47.53982,-121.909,1411.917391,859.6608696,1713.5588,1.967042067,
12147500,47.71232,-121.78873,1452.195652,753.4086957,1599.7848,1.967042067,
12147600,47.70677,-121.60011,1317.482609,716.7826087,1392.9563,1.967042067,
12167000,48.26149,-122.04764,1490.782609,758.9913043,1789.5867,4.462049,
12175500,48.67263,-121.0729,1108.647826,651.2086957,1021.4196,,
12178100,48.65596,-121.23846,978.4956522,593.8608696,946.08923,,
12186000,48.16872,-121.47067,1291.791304,716.4652174,1434.755,,
12189500,48.42456,-121.56846,1178.069565,739.7043478,1645.924,0.113333923,
12358500,48.49524,-114.01012,926.7217391,569.6043478,803.93536,,
12374250,47.82966,-114.69763,723.7608696,465.1565217,452.14224,,
12375900,47.4916,-114.02677,1069.652174,597.8347826,1135.7332,,
12377150,47.32299,-113.97955,1046.695652,578.8,966.0939,,
12381400,47.19549,-113.85065,973.6,576.373913,760.39856,,
12383500,47.14743,-113.97427,944.9652174,562.9217391,864.4371,,
12388400,47.26632,-114.40679,932.0869565,545.7391304,882.2858,,
12390700,47.58605,-115.35515,877.3869565,549.4173913,893.27594,,
12411000,47.70611,-115.97917,1092.530435,581.2173913,1240.2584,0.019392609,
12414500,47.27464,-116.18905,891.3217391,573.0521739,1179.8108,,
12447390,48.82292,-120.14592,588.1565217,396.9,438.5756,,
12451000,48.32958,-120.69177,1066.608696,652.8956522,691.7078,,
12488500,46.97762,-121.1687,1093.252174,710.6,943.6852,,
13011500,43.85028,-110.51778,746.5826087,500.626087,653.37585,10.52780788,2.119457354
13011900,43.83806,-110.44111,586.2608696,399.5173913,757.3378,10.48452691,2.32304061
13018300,43.45215,-110.70409,905.2347826,551.7,750.38354,12.39300366,2.597142132
13023000,43.14278,-110.97667,777.426087,481.2608696,950.0485,12.39300366,2.597142132
13083000,42.16583,-113.98361,299.2956522,186.3434783,286.29477,26.67789985,2.170233645
13161500,41.93324,-115.67453,251.3043478,163.1913043,201.69241,23.4417836,2.082730501
13235000,44.08528,-115.62222,595.5217391,387.9391304,838.79126,,
13240000,44.91361,-115.99722,857.5956522,547.3391304,784.9598,0.153636293,
13310700,44.98694,-115.725,760.7652174,514.1391304,615.8526,0.153636293,
13313000,44.96167,-115.5,848.7565217,561.5521739,636.4458,0.015839806,
13331500,45.61987,-117.72659,841.6434783,524.0956522,686.7729,,
13337000,46.15083,-115.58722,1183.730435,652.0086957,1346.311,,
13338500,46.08639,-115.97667,868.8434783,542.7304348,720.1836,,
13340000,46.47833,-116.2575,840.2086957,489.9347826,895.24347,14.13564997,0.172059405
13340600,46.84047,-115.6207,1129.913043,638.1086957,1361.7129,,
14020000,45.71958,-118.32329,923.8913043,563.9173913,890.19446,0.931656454,
14092750,44.75039,-121.6334,1225.426087,773.5478261,1378.7195,,
14096850,44.95873,-121.39423,849.6,563.7956522,515.7324,19.02573387,1.769455706
14137000,45.39956,-122.13731,1473.526087,895.2173913,2007.0371,3.604712965,
14138800,45.45262,-121.89147,1465.234783,782.8043478,1491.0828,,
14138870,45.48012,-122.02564,1469.169565,787.3478261,1428.3739,3.604712965,
14138900,45.49429,-122.03592,1483.113043,801.4782609,1428.3739,3.604712965,
14139800,45.44456,-122.10953,1461.2,783.9043478,1568.5742,3.604712965,
14141500,45.4154,-122.17148,1385.956522,838.6,1887.9133,3.604712965,
14154500,43.73596,-122.8734,1580.586957,1007.743478,2095.9922,0.987181053,
14158500,44.36095,-121.99562,1369.756522,818.9043478,961.06793,,
14158790,44.33457,-122.04701,1507.6,851.1521739,1479.3774,0.026383981,
14166500,44.04984,-123.42621,1474.004348,969.2130435,2155.386,8.805464679,0.88335945
14182500,44.79151,-122.57897,1374.969565,857.5,1697.7155,15.36754473,0.973921408
14185000,44.39179,-122.49758,1471.956522,891.5608696,1862.7291,0.026383981,
14185900,44.54012,-122.43591,1508.426087,773.5826087,1771.201,0.078952983,
14187000,44.37235,-122.62314,1498.952174,809.6043478,1959.3516,3.160556886,
14216500,46.07567,-121.9987,1414.578261,774.2826087,1611.7227,,
14222500,45.83678,-122.46621,1422.278261,846.3,1753.1443,0.504533013,
14236200,46.59538,-122.45956,1382.469565,853.4217391,2070.0356,1.495589213,
14301000,45.704,-123.7554,1797.408696,1124.813043,2249.5642,,
14303200,45.32428,-123.5465,1704.882609,981.5869565,2072.6177,,
14305500,44.71512,-123.88733,1807.295652,1172.178261,2278.661,,
14306340,44.2479,-123.63649,1712.86087,1095.604348,2101.6013,,
14306500,44.38595,-123.83178,1790.695652,1156.96087,2083.2266,,
14308990,42.82318,-123.12589,1368.604348,841.8304348,1758.0955,,
14309500,42.804,-123.61091,1480.03913,855.2478261,1678.1464,,
14316700,43.34984,-122.72894,1661.647826,944.5,1631.3138,,
14325000,42.8915,-124.07065,1226.508696,855.1565217,1913.2334,0.086097281,
14362250,42.15401,-123.07532,1335.373913,730.4130435,1606.3055,,
14400000,42.12344,-124.18731,2231.804348,1265.791304,2119.8606,,
