gauge_id,gauge_lat,gauge_lon,geometry,GPP_gCperm2yr,C4_fraction,C4_fraction_un
8103900,30.91157,-98.03697,POINT (-98.03697 30.91157),1443.9617,52.76321087,3.998085545
1013500,47.23739,-68.58264,POINT (-68.58264 47.23739),1247.6278,,
1022500,44.60797,-67.93524,POINT (-67.93524 44.60797),1603.1294,,
1030500,45.50097,-68.30596,POINT (-68.30596 45.50097),1675.2593,0.45516315,
1031500,45.17501,-69.3147,POINT (-69.3147 45.17501),1639.073,0.090405414,
1047000,44.8692,-69.9551,POINT (-69.9551 44.8692),1722.1786,0.525469262,
1052500,44.87739,-71.05749,POINT (-71.05749 44.87739),1628.5771,0.189246812,
1054200,44.39044,-70.97964,POINT (-70.97964 44.39044),1780.6455,0.136825615,
1055000,44.64275,-70.58878,POINT (-70.58878 44.64275),1792.3221,0.01179254,
1057000,44.30399,-70.53968,POINT (-70.53968 44.30399),1701.3115,0.136825615,
1073000,43.1487,-70.96506,POINT (-70.96506 43.1487),1779.792,0.203406487,
1078000,43.56646,-71.74786,POINT (-71.74786 43.56646),1778.381,0.125249455,
1118300,41.47482,-71.83424,POINT (-71.83424 41.47482),2061.0344,1.926782414,
1121000,41.84371,-72.16897,POINT (-72.16897 41.84371),1988.3313,4.442611886,
1123000,41.67177,-72.0523,POINT (-72.0523 41.67177),2009.2495,4.442611886,
1134500,44.51172,-71.83731,POINT (-71.83731 44.51172),1607.0793,0.256717775,
1137500,44.26867,-71.63036,POINT (-71.63036 44.26867),1660.4564,0.410427096,
1139000,44.15034,-72.06509,POINT (-72.06509 44.15034),1639.3938,0.29146055,
1139800,44.09284,-72.33565,POINT (-72.33565 44.09284),1892.401,0.29146055,
1142500,43.93451,-72.65788,POINT (-72.65788 43.93451),1669.805,0.182852053,
1144000,43.71424,-72.41815,POINT (-72.41815 43.71424),1800.0907,0.209238052,
1162500,42.68259,-72.11508,POINT (-72.11508 42.68259),1858.5134,0.746173149,
1169000,42.63842,-72.72509,POINT (-72.72509 42.63842),1909.0247,0.251802768,
1170100,42.70342,-72.67065,POINT (-72.67065 42.70342),1979.7216,0.251802768,
1181000,42.23731,-72.89565,POINT (-72.89565 42.23731),1940.0155,0.373566013,
1187300,42.03732,-72.93899,POINT (-72.93899 42.03732),1945.3593,0.373566013,
1195100,41.30593,-72.5312,POINT (-72.5312 41.30593),2059.889,0.94328107,
1333000,42.70897,-73.19677,POINT (-73.19677 42.70897),1918.8207,7.515420294,
1350000,42.31953,-74.43654,POINT (-74.43654 42.31953),1796.5835,1.18779718,
1350080,42.37703,-74.41292,POINT (-74.41292 42.37703),1574.1766,1.18779718,
1350140,42.42897,-74.47293,POINT (-74.47293 42.42897),1809.5485,1.18779718,
1365000,41.86648,-74.4871,POINT (-74.4871 41.86648),1963.645,0.273974835,
1411300,39.30694,-74.82056,POINT (-74.82056 39.30694),1870.5265,0.880746362,
1413500,42.14481,-74.65349,POINT (-74.65349 42.14481),1838.9329,2.832147469,
1414500,42.1062,-74.73043,POINT (-74.73043 42.1062),1751.7451,2.832147469,
1415000,42.12009,-74.81849,POINT (-74.81849 42.12009),1909.7612,2.832147469,
1423000,42.1662,-75.13989,POINT (-75.13989 42.1662),1881.6251,4.787465381,
1434025,41.99537,-74.50099,POINT (-74.50099 41.99537),1867.0459,0.562448596,
1435000,41.89009,-74.58988,POINT (-74.58988 41.89009),1894.6781,0.562448596,
1439500,41.08815,-75.03767,POINT (-75.03767 41.08815),1736.0977,0.29963077,
1440000,41.10667,-74.95222,POINT (-74.95222 41.10667),1783.4348,0.020423225,
1440400,41.08481,-75.21462,POINT (-75.21462 41.08481),1764.5519,0.29963077,
1451800,40.66176,-75.62685,POINT (-75.62685 40.66176),1694.7391,9.41858121,1.156519146
1466500,39.885,-74.50528,POINT (-74.50528 39.885),1551.7712,2.693504801,
1484100,38.90578,-75.51275,POINT (-75.51275 38.90578),1751.5231,22.0310629,1.523833861
1485500,38.22892,-75.47144,POINT (-75.47144 38.22892),1886.121,13.24522131,
1486000,38.21389,-75.67139,POINT (-75.67139 38.21389),1959.8267,18.21221213,2.298739121
1487000,38.72833,-75.56186,POINT (-75.56186 38.72833),1665.9657,22.0310629,1.523833861
1491000,38.99719,-75.78581,POINT (-75.78581 38.99719),1752.4668,22.0310629,1.523833861
1510000,42.54118,-75.89964,POINT (-75.89964 42.54118),1785.4067,17.7806124,2.118441197
1516500,41.79091,-77.01469,POINT (-77.01469 41.79091),1750.8484,2.700991056,
1518862,41.92313,-77.53193,POINT (-77.53193 41.92313),1854.7554,1.972058484,
1532000,41.70702,-76.48467,POINT (-76.48467 41.70702),1782.0942,14.01319679,2.431316167
1539000,41.07814,-76.43106,POINT (-76.43106 41.07814),1721.9309,0.447051377,
1542810,41.57895,-78.29251,POINT (-78.29251 41.57895),1946.2045,0.850339562,
1543000,41.4134,-78.19695,POINT (-78.19695 41.4134),1938.6348,0.163933872,
1543500,41.31728,-78.10306,POINT (-78.10306 41.31728),1852.7722,0.163933872,
1544500,41.4759,-77.82582,POINT (-77.82582 41.4759),1903.777,0.216501847,
1545600,41.38951,-77.69082,POINT (-77.69082 41.38951),1922.8774,0.216501847,
1547700,41.05951,-77.60583,POINT (-77.60583 41.05951),1781.7766,0.216501847,
1548500,41.52174,-77.44748,POINT (-77.44748 41.52174),1841.9154,2.700991056,
1549500,41.47368,-77.23081,POINT (-77.23081 41.47368),1954.139,0.440096181,
1550000,41.41841,-77.03275,POINT (-77.03275 41.41841),1967.835,0.440096181,
1552000,41.32508,-76.91246,POINT (-76.91246 41.32508),1833.0951,3.416712386,
1552500,41.35702,-76.53467,POINT (-76.53467 41.35702),2019.273,3.416712386,
1557500,40.68367,-78.23362,POINT (-78.23362 40.68367),1681.8584,2.903550706,
1567500,40.37092,-77.40221,POINT (-77.40221 40.37092),1820.0023,12.04968316,0.889150568
1568000,40.32342,-77.16887,POINT (-77.16887 40.32342),1766.1097,12.04968316,0.889150568
1580000,39.62997,-76.40331,POINT (-76.40331 39.62997),2025.1838,17.24417884,
1583500,39.51078,-76.6765,POINT (-76.6765 39.51078),1941.9131,27.73167305,2.492961351
1586610,39.45189,-76.95531,POINT (-76.95531 39.45189),1960.0853,21.89051385,2.665388637
1591400,39.25597,-77.05106,POINT (-77.05106 39.25597),1996.005,26.70891153,3.12203529
1594950,39.27669,-79.39031,POINT (-79.39031 39.27669),1856.4067,3.977554997,
1596500,39.57006,-79.10194,POINT (-79.10194 39.57006),1882.7698,1.873732593,
1605500,38.63567,-79.33782,POINT (-79.33782 38.63567),1855.8633,0.357590096,
1606500,38.99122,-79.17587,POINT (-79.17587 38.99122),1806.6847,0.357590096,
1613050,39.89842,-78.13223,POINT (-78.13223 39.89842),1687.9651,5.344172842,
1620500,38.33763,-79.24004,POINT (-79.24004 38.33763),1957.4657,0.355708898,
1632000,38.63706,-78.8528,POINT (-78.8528 38.63706),1993.2169,1.025545646,
1632900,38.69345,-78.64279,POINT (-78.64279 38.69345),1948.527,1.025545646,
1634500,39.08122,-78.32945,POINT (-78.32945 39.08122),1838.0426,12.11297185,2.165084494
1638480,39.25455,-77.57638,POINT (-77.57638 39.25455),1874.1353,28.02691445,2.868516975
1639500,39.61236,-77.23744,POINT (-77.23744 39.61236),1743.9866,11.4053232,0.855342014
1644000,39.01955,-77.57749,POINT (-77.57749 39.01955),1781.8898,28.02691445,2.868516975
1658500,38.58734,-77.4286,POINT (-77.4286 38.58734),1942.341,10.6590393,1.828128172
1664000,38.53068,-77.8136,POINT (-77.8136 38.53068),1745.8456,25.76739687,3.488395948
1666500,38.32513,-78.09556,POINT (-78.09556 38.32513),1822.3717,18.14101647,3.059892645
1667500,38.35041,-77.975,POINT (-77.975 38.35041),1827.8544,20.43861089,3.164052034
1669000,37.87708,-76.90052,POINT (-76.90052 37.87708),2044.0448,5.424641171,
1669520,37.63375,-76.69635,POINT (-76.69635 37.63375),2027.0122,5.424641171,
2011400,38.04235,-79.88144,POINT (-79.88144 38.04235),1900.3822,0.153529521,
2011460,38.2454,-79.76866,POINT (-79.76866 38.2454),1858.5532,0.153529521,
2013000,37.8029,-80.047,POINT (-80.047 37.8029),1937.3131,1.238502547,
2014000,37.72901,-80.04228,POINT (-80.04228 37.72901),1911.9388,1.238502547,
2015700,38.1954,-79.57032,POINT (-79.57032 38.1954),1884.9542,0.153529521,
2016000,37.7918,-79.75949,POINT (-79.75949 37.7918),1836.5907,0.167569818,
2017500,37.50624,-80.10671,POINT (-80.10671 37.50624),1987.2651,1.238502547,
2018000,37.66596,-79.91144,POINT (-79.91144 37.66596),2094.129,0.167569818,
2027000,37.71542,-78.98169,POINT (-78.98169 37.71542),1919.1292,0.109430238,
2027500,37.70236,-79.02752,POINT (-79.02752 37.70236),1925.6422,2.999684852,
2028500,37.86959,-78.82335,POINT (-78.82335 37.86959),2012.3462,0.109430238,
2038850,37.41542,-78.63584,POINT (-78.63584 37.41542),2047.2065,21.8085199,3.5619648
2046000,37.06709,-77.60249,POINT (-77.60249 37.06709),2034.1545,2.873591157,
2051000,36.99737,-78.34972,POINT (-78.34972 36.99737),1977.9008,0.722557907,
2051500,36.71681,-77.83166,POINT (-77.83166 36.71681),2019.3884,0.901473627,
2053200,36.37083,-77.02556,POINT (-77.02556 36.37083),1931.3802,22.32909139,3.553426162
2053800,37.14013,-80.26643,POINT (-80.26643 37.14013),1974.9309,0.511690183,
2055100,37.41763,-79.93532,POINT (-79.93532 37.41763),1879.3564,17.1779509,3.124608094
2056900,37.04514,-79.8442,POINT (-79.8442 37.04514),1980.5831,17.1779509,3.124608094
2059500,37.1732,-79.52031,POINT (-79.52031 37.1732),1895.5974,17.1779509,3.124608094
2064000,37.12681,-78.95974,POINT (-78.95974 37.12681),1937.9447,21.8085199,3.5619648
2065500,37.07931,-78.76362,POINT (-78.76362 37.07931),2012.2584,21.8085199,3.5619648
2069700,36.57097,-80.12949,POINT (-80.12949 36.57097),2004.606,0.925160047,
2070000,36.56819,-79.98726,POINT (-79.98726 36.56819),1947.4696,20.71014482,3.421631018
2074500,36.61958,-79.50419,POINT (-79.50419 36.61958),1843.171,20.71014482,3.421631018
2077200,36.39778,-79.19667,POINT (-79.19667 36.39778),1934.9397,23.71207003,3.730734262
2081500,36.19417,-78.58306,POINT (-78.58306 36.19417),1987.463,23.6840768,3.677259795
2082950,36.18333,-77.87611,POINT (-77.87611 36.18333),2052.1184,15.1874561,3.044821617
2092500,35.06417,-77.46139,POINT (-77.46139 35.06417),1950.3818,7.526658319,
2096846,35.98722,-79.20611,POINT (-79.20611 35.98722),1948.6877,4.637505369,
2102908,35.18278,-79.1775,POINT (-79.1775 35.18278),1524.9136,29.51224502,3.85902711
2108000,34.82889,-77.83222,POINT (-77.83222 34.82889),2077.4314,8.540005472,
2111180,36.07139,-81.40306,POINT (-81.40306 36.07139),2172.6997,0.876395645,
2111500,36.175,-81.16889,POINT (-81.16889 36.175),1945.5355,0.876395645,
2112120,36.25028,-81.04444,POINT (-81.04444 36.25028),2135.2595,0.876395645,
2112360,36.31139,-80.80722,POINT (-80.80722 36.31139),2010.7849,27.40829967,3.634048442
2118500,36.00056,-80.74556,POINT (-80.74556 36.00056),1993.9137,27.40829967,3.634048442
2125000,35.33472,-80.33556,POINT (-80.33556 35.33472),2096.3586,35.3665173,3.873230483
2128000,35.38722,-79.83139,POINT (-79.83139 35.38722),1966.2101,1.230120389,
2137727,35.68583,-82.06028,POINT (-82.06028 35.68583),1954.8618,0.149685015,
2140991,35.83361,-81.71194,POINT (-81.71194 35.83361),2030.6437,0.422092419,
2143000,35.68444,-81.40333,POINT (-81.40333 35.68444),2033.857,29.51101333,3.788098794
2143040,35.59069,-81.56704,POINT (-81.56704 35.59069),2117.5698,0.422092419,
2149000,35.42345,-82.1115,POINT (-82.1115 35.42345),1967.0883,3.96672601,
2152100,35.49306,-81.68222,POINT (-81.68222 35.49306),1949.4207,30.40321789,3.836297479
2177000,34.81398,-83.30599,POINT (-83.30599 34.81398),2074.6455,0.216819638,
2178400,34.89037,-83.53044,POINT (-83.53044 34.89037),1961.1747,0.496598186,
2193340,33.68263,-82.85792,POINT (-82.85792 33.68263),1880.4156,0.060146236,
2196000,33.7293,-82.18179,POINT (-82.18179 33.7293),1826.3529,0.014197276,
2198100,32.93766,-81.81539,POINT (-81.81539 32.93766),1806.5714,10.38433821,2.391125953
2202600,32.16798,-81.48817,POINT (-81.48817 32.16798),1853.2627,1.785408931,
2212600,33.09985,-83.72351,POINT (-83.72351 33.09985),1750.6013,0.13428055,
2215100,32.23944,-83.50167,POINT (-83.50167 32.23944),1707.7631,32.51252025,3.669598742
2216180,31.99139,-82.92194,POINT (-82.92194 31.99139),1770.8599,32.80209177,3.83350894
2221525,33.25236,-83.48128,POINT (-83.48128 33.25236),1965.5852,0.140451735,
2231000,30.35885,-82.0815,POINT (-82.0815 30.35885),1853.8599,30.55287052,3.786480419
2231342,27.56865,-80.79617,POINT (-80.79617 27.56865),1903.4324,56.31191187,3.861106245
2235200,28.87453,-81.48938,POINT (-81.48938 28.87453),2092.164,32.98877984,3.501403213
2245500,29.97941,-81.85204,POINT (-81.85204 29.97941),1849.9069,36.9483184,3.902763739
2246000,30.1133,-81.90649,POINT (-81.90649 30.1133),1939.7625,7.752410987,1.895075109
2296500,27.37504,-81.79647,POINT (-81.79647 27.37504),1985.4543,56.3730268,3.906864865
2297155,27.48726,-82.02342,POINT (-82.02342 27.48726),1902.1056,46.106268,3.788603455
2297310,27.19949,-81.98842,POINT (-81.98842 27.19949),2013.2131,56.3730268,3.906864865
2298123,27.052,-81.78453,POINT (-81.78453 27.052),1940.3652,56.3730268,3.906864865
2298608,27.34366,-82.15676,POINT (-82.15676 27.34366),1944.2283,46.106268,3.788603455
2299950,27.47365,-82.2112,POINT (-82.2112 27.47365),1704.8403,46.106268,3.788603455
2300700,27.79197,-82.35204,POINT (-82.35204 27.79197),1537.7546,45.19686236,3.818772977
2310947,28.31195,-82.05591,POINT (-82.05591 28.31195),1820.9177,46.65140595,3.917331984
2312200,28.57277,-82.15536,POINT (-82.15536 28.57277),2039.1294,47.00071957,3.941327768
2314500,30.68056,-82.56056,POINT (-82.56056 30.68056),1967.8191,0.038091603,
2315500,30.32578,-82.73818,POINT (-82.73818 30.32578),2000.7512,13.7132897,2.70815664
2324400,30.09827,-83.47181,POINT (-83.47181 30.09827),1959.5009,39.55323688,3.902901606
2327100,30.12937,-84.49435,POINT (-84.49435 30.12937),2113.4495,23.89499439,3.42462243
2342933,32.01766,-85.29577,POINT (-85.29577 32.01766),1970.56,8.591764685,2.540740067
2349900,32.19556,-83.90222,POINT (-83.90222 32.19556),1505.0222,32.51252025,3.669598742
2350900,31.76444,-84.25333,POINT (-84.25333 31.76444),1876.5372,39.2763327,3.952748791
2361000,31.34295,-85.61049,POINT (-85.61049 31.34295),1897.8655,11.88725994,2.592698879
2363000,31.59489,-85.783,POINT (-85.783 31.59489),2038.6099,9.628087195,2.600591364
2369800,31.02768,-86.70996,POINT (-86.70996 31.02768),1908.5603,26.87728944,3.80811302
2371500,31.5735,-86.25162,POINT (-86.25162 31.5735),2089.4797,9.143151171,2.417058749
2372250,31.59627,-86.40552,POINT (-86.40552 31.59627),2050.0679,9.143151171,2.417058749
2374500,31.4185,-86.98664,POINT (-86.98664 31.4185),1986.0446,26.87728944,3.80811302
2381600,34.57037,-84.46882,POINT (-84.46882 34.57037),2085.5747,0.198646139,
2384540,34.87202,-84.72133,POINT (-84.72133 34.87202),2068.1858,3.329923239,
2395120,34.24278,-84.88972,POINT (-84.88972 34.24278),1900.4313,2.760076542,
2408540,32.91679,-86.27025,POINT (-86.27025 32.91679),1859.2173,21.29245982,3.652052021
2415000,33.06679,-85.87913,POINT (-85.87913 33.06679),1818.8708,0.355238879,
2422500,32.58291,-86.9036,POINT (-86.9036 32.58291),2110.5518,7.959507262,2.396565568
2427250,31.99626,-87.06832,POINT (-87.06832 31.99626),2013.0012,0.382122858,
2430085,34.46667,-88.28361,POINT (-88.28361 34.46667),1900.9917,2.334278077,
2430615,34.3925,-88.355,POINT (-88.355 34.3925),1839.1073,2.334278077,
2450250,34.28538,-87.39891,POINT (-87.39891 34.28538),2018.1893,21.52716082,3.402880026
2464000,33.47928,-87.59723,POINT (-87.59723 33.47928),2063.8684,1.449960201,
2464146,33.41345,-87.51056,POINT (-87.51056 33.41345),1894.0995,1.449960201,
2464360,33.42484,-87.64251,POINT (-87.64251 33.42484),1988.2784,1.449960201,
2465493,32.99735,-87.62223,POINT (-87.62223 32.99735),1997.841,7.721017493,2.136041944
2469800,31.74432,-88.02251,POINT (-88.02251 31.74432),2050.3066,0.067899709,
2472000,31.70694,-89.40694,POINT (-89.40694 31.70694),2027.7499,8.566013828,2.608646314
2472500,31.42583,-89.41472,POINT (-89.41472 31.42583),1923.6984,33.19846434,3.963503463
2479155,31.02528,-89.01667,POINT (-89.01667 31.02528),2000.7334,33.19846434,3.963503463
2479300,30.73611,-88.78111,POINT (-88.78111 30.73611),1992.2555,7.911882023,2.175313213
2479560,30.80908,-88.45863,POINT (-88.45863 30.80908),2032.0785,37.50271178,3.945477321
2481000,30.55861,-89.12194,POINT (-89.12194 30.55861),1981.2926,9.328801123,2.586064089
2481510,30.48361,-89.27444,POINT (-89.27444 30.48361),2100.6091,,
3010655,41.96173,-78.19807,POINT (-78.19807 41.96173),1902.669,0.850339562,
3011800,41.76645,-78.71864,POINT (-78.71864 41.76645),1862.0936,,
3015500,41.85256,-79.31727,POINT (-79.31727 41.85256),1910.0864,1.98235152,
3021350,42.01533,-79.78255,POINT (-79.78255 42.01533),2012.3228,,
3026500,41.63117,-78.57669,POINT (-78.57669 41.63117),1745.3884,,
3028000,41.57534,-78.69225,POINT (-78.69225 41.57534),1797.0604,,
3049000,40.7159,-79.69949,POINT (-79.69949 40.7159),1855.1073,18.27965848,2.877082897
3049800,40.52035,-79.93811,POINT (-79.93811 40.52035),1761.308,18.27965848,2.877082897
3050000,38.80927,-79.88173,POINT (-79.88173 38.80927),1978.5682,0.449212391,
3066000,39.12705,-79.46838,POINT (-79.46838 39.12705),1666.9154,3.977554997,
3069500,39.12288,-79.68117,POINT (-79.68117 39.12288),1938.4504,0.366296603,
3070500,39.61564,-79.70477,POINT (-79.70477 39.61564),1969.422,5.331767566,
3076600,39.65614,-79.39411,POINT (-79.39411 39.65614),1913.7931,1.873732593,
3078000,39.70219,-79.13639,POINT (-79.13639 39.70219),1956.3876,1.873732593,
3140000,40.36285,-81.86236,POINT (-81.86236 40.36285),2031.604,18.61716731,2.423036071
3144000,40.13257,-82.14792,POINT (-82.14792 40.13257),1787.0671,26.26801208,2.740618572
3159540,39.06369,-81.8818,POINT (-81.8818 39.06369),2001.2657,0.993167707,
3161000,36.39333,-81.40694,POINT (-81.40694 36.39333),2026.2256,0.876395645,
3164000,36.64735,-80.97897,POINT (-80.97897 36.64735),2057.3674,14.29097746,2.604319302
3165000,36.64596,-80.91924,POINT (-80.91924 36.64596),2059.877,14.29097746,2.604319302
3170000,37.03763,-80.55672,POINT (-80.55672 37.03763),1980.0035,0.673696342,
3173000,37.26818,-80.70951,POINT (-80.70951 37.26818),2033.1301,0.673696342,
3180500,38.54373,-79.83312,POINT (-79.83312 38.54373),1971.4648,0.449212391,
3182500,38.18595,-80.13062,POINT (-80.13062 38.18595),1976.3456,,
3186500,38.379,-80.48397,POINT (-80.48397 38.379),2063.16,,
3187500,38.29539,-80.52648,POINT (-80.52648 38.29539),2070.1736,0.05589993,
3213700,37.67316,-82.28014,POINT (-82.28014 37.67316),1850.566,0.225660429,
3237280,38.64369,-83.21574,POINT (-83.21574 38.64369),1853.4388,2.468199155,
3237500,38.80368,-83.42102,POINT (-83.42102 38.80368),1880.4839,2.468199155,
3238500,38.85813,-83.92854,POINT (-83.92854 38.85813),1793.3175,18.16233314,1.217520165
3241500,39.72284,-83.88271,POINT (-83.88271 39.72284),1858.9586,27.30299631,2.747748263
3280700,37.16509,-83.30796,POINT (-83.30796 37.16509),2021.3629,0.267015141,
3281100,37.15203,-83.7602,POINT (-83.7602 37.15203),1939.5162,0.96284204,
3281500,37.47981,-83.67519,POINT (-83.67519 37.47981),1980.8628,0.96284204,
3285000,37.64202,-84.66078,POINT (-84.66078 37.64202),2020.0126,15.69004446,0.488806894
3291780,38.87811,-85.25718,POINT (-85.25718 38.87811),1905.96,22.21452231,2.785843056
3300400,37.83284,-85.29607,POINT (-85.29607 37.83284),2038.8186,21.87425282,1.66467798
3338780,40.26531,-87.6428,POINT (-87.6428 40.26531),1749.7766,36.45960295,3.536578093
3340800,39.81255,-86.9539,POINT (-86.9539 39.81255),1741.3306,37.33181492,3.353000753
3346000,39.01004,-87.94559,POINT (-87.94559 39.01004),1635.4517,35.77562397,3.505221381
3357350,39.76171,-86.72945,POINT (-86.72945 39.76171),1777.6873,37.33181492,3.353000753
3364500,39.27477,-85.70165,POINT (-85.70165 39.27477),1750.5093,38.94615272,3.687843132
3366500,38.80422,-85.67386,POINT (-85.67386 38.80422),2000.3955,31.03489435,2.408353496
3368000,39.07033,-85.48608,POINT (-85.48608 39.07033),1879.7539,37.47709164,3.107237375
3384450,37.47227,-88.54727,POINT (-88.54727 37.47227),2002.2399,24.2961813,1.920197687
3439000,35.14333,-82.82472,POINT (-82.82472 35.14333),2046.0895,0.331953025,
3450000,35.65306,-82.40528,POINT (-82.40528 35.65306),2160.04,0.149685015,
3455500,35.39611,-82.9375,POINT (-82.9375 35.39611),2180.617,0.331953025,
3456500,35.46167,-82.86972,POINT (-82.86972 35.46167),1976.3179,0.331953025,
3460000,35.6675,-83.07361,POINT (-83.07361 35.6675),2187.0251,0.667161242,
3463300,35.83151,-82.18429,POINT (-82.18429 35.83151),2104.7866,0.149685015,
3471500,36.76039,-81.63123,POINT (-81.63123 36.76039),2223.7146,1.20183279,
3473000,36.65178,-81.84401,POINT (-81.84401 36.65178),2230.5588,1.20183279,
3479000,36.23917,-81.82222,POINT (-81.82222 36.23917),2070.504,0.599854837,
3488000,36.89678,-81.74623,POINT (-81.74623 36.89678),2090.0884,1.20183279,
3498500,35.78562,-83.8846,POINT (-83.8846 35.78562),1914.9586,2.433370211,
3500000,35.15,-83.37972,POINT (-83.37972 35.15),1943.6355,0.053412687,
3500240,35.15889,-83.39417,POINT (-83.39417 35.15889),1727.7803,0.053412687,
3504000,35.1275,-83.61861,POINT (-83.61861 35.1275),2008.1095,0.048676799,
3574500,34.62425,-86.30637,POINT (-86.30637 34.62425),2016.2289,3.204093717,
3592718,34.83556,-88.28806,POINT (-88.28806 34.83556),1875.2867,8.531429822,1.805824393
3604000,35.49591,-87.8328,POINT (-87.8328 35.49591),2033.6823,1.727084168,
4015330,46.94688,-91.7924,POINT (-91.7924 46.94688),90.16841,,
4024430,46.63327,-92.09408,POINT (-92.09408 46.63327),1381.2484,0.19152295,
4027000,46.48661,-90.6963,POINT (-90.6963 46.48661),1623.889,0.771575681,
4040500,46.58411,-88.57597,POINT (-88.57597 46.58411),1493.9038,,
4043050,47.22854,-88.38539,POINT (-88.38539 47.22854),1401.2928,,
4045500,46.57502,-85.26955,POINT (-85.26955 46.57502),1473.4677,,
4056500,46.03053,-86.16125,POINT (-86.16125 46.03053),1301.3484,,
4057510,45.94302,-86.7057,POINT (-86.7057 45.94302),1419.0841,0.572290909,
4057800,46.4991,-87.88652,POINT (-87.88652 46.4991),1341.6937,0.062541122,
4059500,45.75552,-87.20152,POINT (-87.20152 45.75552),1389.4612,1.510517069,
4063700,45.76357,-88.46318,POINT (-88.46318 45.76357),1631.8297,0.23002444,
4074950,45.18997,-88.73344,POINT (-88.73344 45.18997),1578.1078,0.140999707,
4105700,42.35337,-85.35389,POINT (-85.35389 42.35337),1632.4857,26.03648218,2.421364967
4115265,43.24976,-84.98113,POINT (-84.98113 43.24976),1443.2971,22.19885436,1.908528545
4122200,43.46418,-86.23257,POINT (-86.23257 43.46418),1653.0388,9.345577131,1.595514442
4122500,43.94501,-86.27869,POINT (-86.27869 43.94501),1387.3665,13.66957794,1.891571358
4124000,44.43639,-85.69868,POINT (-85.69868 44.43639),1341.6969,1.621427186,
4127918,46.18585,-84.59783,POINT (-84.59783 46.18585),1306.6001,,
4127997,45.27446,-84.60003,POINT (-84.60003 45.27446),1412.138,9.94200162,2.102336487
4161580,42.80086,-83.09021,POINT (-83.09021 42.80086),1566.1014,19.90886854,2.472130376
4185000,41.5045,-84.42967,POINT (-84.42967 41.5045),1412.657,24.96072516,2.537965165
4196800,40.92283,-83.34881,POINT (-83.34881 40.92283),1333.8909,27.74145744,2.943085702
4197100,41.02228,-83.10964,POINT (-83.10964 41.02228),1439.4265,24.61408783,2.727620534
4197170,41.11367,-83.16825,POINT (-83.16825 41.11367),1336.1469,24.61408783,2.727620534
4213000,41.927,-80.60397,POINT (-80.60397 41.927),1607.1201,10.2883452,2.087898979
4213075,41.992,-80.29117,POINT (-80.29117 41.992),1905.8983,17.80849721,2.812906497
4216418,42.86395,-78.28363,POINT (-78.28363 42.86395),1742.3524,19.57813422,1.66013444
4221000,42.12229,-77.95722,POINT (-77.95722 42.12229),1754.7811,8.789936402,1.597539391
4224775,42.53562,-77.70416,POINT (-77.70416 42.53562),1787.0889,25.86040698,2.141141028
4233000,42.39313,-76.54494,POINT (-76.54494 42.39313),1794.6519,12.14688332,1.75549926
4256000,43.74729,-75.33435,POINT (-75.33435 43.74729),1768.6216,3.870546308,
4296000,44.86894,-72.2701,POINT (-72.2701 44.86894),1667.48,1.998548445,
5056000,47.80555,-98.71622,POINT (-98.71622 47.80555),829.89294,7.489230917,1.697219626
5057000,47.43277,-98.0276,POINT (-98.0276 47.43277),1031.3656,5.819677695,1.894403601
5057200,47.22916,-98.12482,POINT (-98.12482 47.22916),958.3362,5.819677695,1.894403601
5062500,47.26663,-96.24478,POINT (-96.24478 47.26663),1257.8461,6.485101643,1.672291883
5087500,48.34109,-96.81812,POINT (-96.81812 48.34109),788.61835,3.920613056,1.387183752
5120500,48.13834,-100.53986,POINT (-100.53986 48.13834),787.1535,11.61218749,1.159786831
5123400,48.58889,-100.44208,POINT (-100.44208 48.58889),790.28644,7.262660185,0.588247654
5129115,48.26463,-92.56599,POINT (-92.56599 48.26463),1380.0583,,
5131500,48.39578,-93.54933,POINT (-93.54933 48.39578),1340.1788,,
5291000,45.29163,-96.48756,POINT (-96.48756 45.29163),1243.3359,22.49287898,2.684302638
5362000,45.30803,-90.95652,POINT (-90.95652 45.30803),1609.9978,14.11329138,1.716493912
5393500,45.44913,-89.97931,POINT (-89.97931 45.44913),1646.4055,6.40926518,1.559592897
5399500,44.82191,-90.07958,POINT (-90.07958 44.82191),1673.2059,22.68032595,2.029803115
5408000,43.57414,-90.64319,POINT (-90.64319 43.57414),1806.3693,23.83585259,2.296858652
5412500,42.73999,-91.2618,POINT (-91.2618 42.73999),1937.0254,37.42879541,3.284207203
5413500,42.72027,-90.81929,POINT (-90.81929 42.72027),1859.5244,27.24212498,2.455701134
5414000,42.7311,-90.64041,POINT (-90.64041 42.7311),1839.0492,27.24212498,2.455701134
5444000,41.90281,-89.69622,POINT (-89.69622 41.90281),1815.4802,45.97146331,4.541548142
5454000,41.70002,-91.48767,POINT (-91.48767 41.70002),1966.651,34.60551573,3.51333928
5458000,43.03328,-92.50354,POINT (-92.50354 43.03328),1788.3257,36.79896703,
5466500,41.18698,-90.96737,POINT (-90.96737 41.18698),1564.6123,31.12820775,3.06287478
5487980,41.24688,-93.26607,POINT (-93.26607 41.24688),1769.7435,34.26292147,2.465711373
5488200,41.30055,-93.04548,POINT (-93.04548 41.30055),1869.0518,34.26292147,2.465711373
5489000,41.219,-92.90853,POINT (-92.90853 41.219),1688.7788,35.45763027,3.179956817
5495000,40.39241,-91.59788,POINT (-91.59788 40.39241),1498.7443,24.55706834,1.756163471
5495500,40.14282,-91.33737,POINT (-91.33737 40.14282),1739.1483,28.04077973,2.730843553
5501000,39.81799,-91.5177,POINT (-91.5177 39.81799),1814.5385,24.01009176,1.452738062
5503800,39.58483,-91.99349,POINT (-91.99349 39.58483),1738.5446,24.01009176,1.452738062
5507600,39.43143,-91.67627,POINT (-91.67627 39.43143),1731.7412,22.1786256,1.716533083
5508805,39.52046,-91.34275,POINT (-91.34275 39.52046),1825.626,28.82471327,2.339867255
5514500,39.0088,-90.97754,POINT (-90.97754 39.0088),1756.123,31.04027887,2.395530083
5525500,40.63004,-87.72392,POINT (-87.72392 40.63004),1671.3625,37.83655141,3.759350997
5556500,41.36587,-89.49843,POINT (-89.49843 41.36587),1689.0724,37.76105904,3.593538673
5584500,40.33032,-90.89624,POINT (-90.89624 40.33032),1873.8932,31.16886245,2.731590287
5585000,40.02477,-90.63179,POINT (-90.63179 40.02477),1948.0983,31.16886245,2.731590287
5591550,39.5067,-88.52756,POINT (-88.52756 39.5067),1692.2938,29.10613951,
5592050,39.40587,-88.89646,POINT (-88.89646 39.40587),1630.4347,34.48547385,3.288860254
5592575,38.93699,-88.95284,POINT (-88.95284 38.93699),1963.794,29.63027593,2.312061874
5593575,38.44172,-89.41675,POINT (-89.41675 38.44172),1684.2643,26.07997761,2.385611843
5593900,39.14894,-89.35231,POINT (-89.35231 39.14894),1814.6803,38.08134719,3.587694932
5595730,38.25394,-89.03979,POINT (-89.03979 38.25394),1556.0317,26.07997761,2.385611843
6037500,44.65687,-111.06827,POINT (-111.06827 44.65687),446.51065,,
6043500,45.49743,-111.27051,POINT (-111.27051 45.49743),768.5055,,
6154410,47.9661,-108.66071,POINT (-108.66071 47.9661),893.0375,23.65096934,1.933159486
6188000,44.92772,-110.39381,POINT (-110.39381 44.92772),523.999,10.07807713,2.241709064
6191500,45.11188,-110.79438,POINT (-110.79438 45.11188),429.20822,,
6221400,43.34551,-109.41014,POINT (-109.41014 43.34551),336.07242,18.27172925,2.386126708
6224000,43.1769,-109.20291,POINT (-109.20291 43.1769),358.12424,18.27172925,2.386126708
6278300,44.50802,-107.40369,POINT (-107.40369 44.50802),575.5551,12.7430937,1.706550172
6280300,44.20828,-109.55489,POINT (-109.55489 44.20828),242.34276,6.710953178,1.594830195
6289000,45.00691,-107.61509,POINT (-107.61509 45.00691),676.774,25.81504985,1.98173635
6291500,45.12644,-107.60054,POINT (-107.60054 45.12644),828.2576,25.81504985,1.98173635
6311000,44.02774,-107.08089,POINT (-107.08089 44.02774),595.365,8.94378419,1.626776957
6332515,47.78724,-102.76853,POINT (-102.76853 47.78724),820.27264,22.28475299,1.001776786
6339100,47.23613,-102.76991,POINT (-102.76991 47.23613),758.80206,22.7567572,1.621280642
6339500,47.15445,-102.05989,POINT (-102.05989 47.15445),810.07306,20.39167093,1.30504057
6344600,47.02779,-103.05324,POINT (-103.05324 47.02779),720.0453,25.13574641,1.642744956
6350000,46.42667,-102.55183,POINT (-102.55183 46.42667),797.0537,13.7780045,1.543205738
6352000,46.15417,-102.47405,POINT (-102.47405 46.15417),725.9073,17.20595888,0.889774815
6353000,46.09167,-101.33374,POINT (-101.33374 46.09167),728.7609,23.3649664,1.408084292
6354000,46.37611,-100.93444,POINT (-100.93444 46.37611),753.1423,21.24899034,1.245290619
6360500,45.25582,-100.84292,POINT (-100.84292 45.25582),770.8712,34.15373861,1.992509313
6404000,43.87249,-103.33658,POINT (-103.33658 43.87249),846.9724,28.35117491,2.434256657
6406000,43.82805,-103.19602,POINT (-103.19602 43.82805),813.7931,28.35117491,2.434256657
6408700,44.13665,-103.85854,POINT (-103.85854 44.13665),1026.0167,0.060637113,
6409000,44.01359,-103.83048,POINT (-103.83048 44.01359),875.93024,0.060637113,
6431500,44.48248,-103.86159,POINT (-103.86159 44.48248),1018.55383,0.060637113,
6440200,43.96888,-101.76709,POINT (-101.76709 43.96888),698.9998,36.76403305,2.549558979
6441500,44.32665,-100.3843,POINT (-100.3843 44.32665),690.5064,32.08788306,1.909539712
6447000,43.7525,-101.52487,POINT (-101.52487 43.7525),690.6844,36.76403305,2.549558979
6447500,43.16667,-101.63015,POINT (-101.63015 43.16667),891.6777,31.82271149,2.529499979
6450500,43.60139,-100.74986,POINT (-100.74986 43.60139),911.6567,35.78965406,2.373984737
6452000,43.74833,-99.55649,POINT (-99.55649 43.74833),904.87445,30.74833691,1.373530997
6453600,42.81099,-98.17586,POINT (-98.17586 42.81099),1065.8391,28.76991757,1.79485408
6464500,43.02889,-99.78067,POINT (-99.78067 43.02889),1093.3087,27.70526735,1.701344772
6468170,47.55805,-98.86289,POINT (-98.86289 47.55805),872.50195,7.489230917,1.697219626
6468250,47.39972,-98.79761,POINT (-98.79761 47.39972),900.13165,6.572481235,1.991300579
6470800,46.22524,-98.07177,POINT (-98.07177 46.22524),1088.6315,9.94986136,2.137650025
6477500,43.7764,-98.24567,POINT (-98.24567 43.7764),1149.598,20.47039639,
6479215,45.1808,-97.18619,POINT (-97.18619 45.1808),1093.6986,14.48572513,1.968534479
6479438,45.00608,-97.16508,POINT (-97.16508 45.00608),1107.5339,14.48572513,1.968534479
6601000,42.32158,-96.48768,POINT (-96.48768 42.32158),1653.4377,33.61990244,3.453783435
6614800,40.49609,-105.86501,POINT (-105.86501 40.49609),493.60135,,
6622700,41.37024,-106.52058,POINT (-106.52058 41.37024),852.2037,14.21412354,2.148851738
6623800,41.02358,-106.82477,POINT (-106.82477 41.02358),634.44714,14.21412354,2.148851738
6632400,41.58525,-106.22279,POINT (-106.22279 41.58525),636.50146,20.86339225,2.219458317
6746095,40.53998,-105.88279,POINT (-105.88279 40.53998),617.5049,0.64883614,
6784000,41.03244,-98.74053,POINT (-98.74053 41.03244),1343.5891,37.61396781,2.427009797
6803510,40.89311,-96.68155,POINT (-96.68155 40.89311),1203.8926,33.32366012,3.641316579
6803530,41.0157,-96.54428,POINT (-96.54428 41.0157),1444.2908,37.82862953,3.82975673
6814000,39.94778,-96.10862,POINT (-96.10862 39.94778),1420.6487,34.74726498,3.030074941
6847900,39.76985,-100.10078,POINT (-100.10078 39.76985),936.2773,47.12104065,3.738376239
6853800,39.89925,-98.25043,POINT (-98.25043 39.89925),1188.316,39.19208113,2.295910822
6876700,39.13907,-97.83696,POINT (-97.83696 39.13907),1298.8198,39.77022061,1.886133349
6878000,39.03111,-97.04029,POINT (-97.04029 39.03111),1450.4415,35.5769416,1.885091962
6879650,39.10195,-96.59521,POINT (-96.59521 39.10195),1612.9779,39.19738004,3.149740773
6885500,39.68192,-96.44289,POINT (-96.44289 39.68192),1395.5453,34.74726498,3.030074941
6888500,39.06265,-96.15025,POINT (-96.15025 39.06265),1621.9788,36.12697027,2.760297676
6889200,39.23833,-95.8886,POINT (-95.8886 39.23833),1588.6202,31.36081003,2.821678021
6889500,39.09938,-95.72495,POINT (-95.72495 39.09938),1289.001,31.36081003,2.821678021
6892000,39.11633,-95.01088,POINT (-95.01088 39.11633),1692.9141,36.58158626,2.506474357
6903400,40.95189,-93.25985,POINT (-93.25985 40.95189),1642.6307,25.29179013,2.305322682
6906800,38.70225,-92.97883,POINT (-92.97883 38.70225),1952.0071,25.54829611,1.56875199
6910800,38.56701,-95.96163,POINT (-95.96163 38.56701),1710.3372,32.98451101,3.021337259
6911900,38.71069,-95.83603,POINT (-95.83603 38.71069),1659.4236,32.98451101,3.021337259
6917000,38.01897,-94.71367,POINT (-94.71367 38.01897),1689.5922,30.26523436,2.674250292
6918460,37.40237,-93.80203,POINT (-93.80203 37.40237),2056.0742,28.45414788,1.381521141
6919500,37.8342,-93.87549,POINT (-93.87549 37.8342),1931.7894,30.76515891,3.461785096
6921070,37.68265,-93.37033,POINT (-93.37033 37.68265),2052.9243,24.55831704,2.888405195
6921200,37.75047,-93.26618,POINT (-93.26618 37.75047),2001.9331,24.55831704,2.888405195
6934000,38.38881,-91.81989,POINT (-91.81989 38.38881),1950.8378,27.59004466,3.509237158
7014500,38.15853,-91.10846,POINT (-91.10846 38.15853),1861.765,23.02218953,3.307368931
7056000,35.98318,-92.74755,POINT (-92.74755 35.98318),1911.9562,,
7057500,36.62303,-92.24813,POINT (-92.24813 36.62303),1790.4315,7.263833777,1.545542453
7060710,35.99535,-92.21265,POINT (-92.21265 35.99535),1929.1941,,
7066000,37.15408,-91.35816,POINT (-91.35816 37.15408),1874.428,,
7067000,36.99138,-91.01351,POINT (-91.01351 36.99138),1856.2809,,
7068000,36.622,-90.84762,POINT (-90.84762 36.622),1813.4479,0.130671125,
7071500,36.64868,-91.20082,POINT (-91.20082 36.64868),1885.9753,,
7083000,39.17221,-106.38919,POINT (-106.38919 39.17221),409.3119,,
7142300,37.87159,-98.87614,POINT (-98.87614 37.87159),1413.1128,29.20104904,2.409003426
7145700,37.24955,-97.4039,POINT (-97.4039 37.24955),1121.432,13.39576397,1.273962503
7148400,36.81503,-98.64814,POINT (-98.64814 36.81503),1104.83,34.8412902,2.795199618
7149000,37.0392,-98.47021,POINT (-98.47021 37.0392),1061.2291,18.07970152,0.856379225
7151500,37.12891,-97.60144,POINT (-97.60144 37.12891),1114.722,17.26212037,2.394632227
7167500,37.70821,-96.2236,POINT (-96.2236 37.70821),1746.6255,45.94291461,3.478607628
7180500,38.19645,-96.82458,POINT (-96.82458 38.19645),1577.2664,48.62501162,3.379239862
7184000,37.28125,-95.03267,POINT (-95.03267 37.28125),1740.5564,29.1128275,1.386571854
7195800,36.25548,-94.43394,POINT (-94.43394 36.25548),2231.9226,25.44740534,2.949526756
7196900,35.88008,-94.48661,POINT (-94.48661 35.88008),2261.2192,0.040197619,
7197000,35.9212,-94.83856,POINT (-94.83856 35.9212),2241.4072,27.33168068,3.267620257
7208500,36.37226,-104.97,POINT (-104.97 36.37226),712.3165,55.52230999,3.161495658
7226500,35.43838,-103.52579,POINT (-103.52579 35.43838),350.3906,66.99670119,3.704488453
7261000,35.2988,-92.40393,POINT (-92.40393 35.2988),1748.9774,10.58740296,2.548980092
7263295,34.8762,-92.77461,POINT (-92.77461 34.8762),1825.2583,0.038073011,
7290650,32.01778,-90.87694,POINT (-90.87694 32.01778),2093.6646,20.72216271,3.239006238
7291000,31.50306,-90.7775,POINT (-90.7775 31.50306),2032.3899,2.26259161,
7292500,31.32472,-91.10944,POINT (-91.10944 31.32472),1928.892,1.651663078,
7295000,31.22694,-91.29556,POINT (-91.29556 31.22694),2113.1533,1.651663078,
7299670,34.35452,-99.74037,POINT (-99.74037 34.35452),995.89984,59.7443958,3.894224254
7301410,35.4731,-100.12095,POINT (-100.12095 35.4731),1116.4753,64.62334154,3.6500383
7301500,35.16811,-99.50731,POINT (-99.50731 35.16811),1162.3657,63.78054784,3.730438744
7315200,33.81288,-98.08504,POINT (-98.08504 33.81288),1471.8082,14.91370566,1.72647429
7315700,34.00426,-97.56697,POINT (-97.56697 34.00426),1704.022,58.05416357,3.740632285
7335700,34.63844,-94.61272,POINT (-94.61272 34.63844),1948.5145,0.296467818,
7340300,34.37955,-94.23576,POINT (-94.23576 34.37955),1819.6069,,
7346045,32.77792,-94.35742,POINT (-94.35742 32.77792),1792.1941,8.693845021,2.552771828
7359610,34.38278,-93.60611,POINT (-93.60611 34.38278),1994.2565,,
7362100,33.37596,-92.77711,POINT (-92.77711 33.37596),1722.7391,,
7362587,34.79759,-92.93351,POINT (-92.93351 34.79759),1901.219,0.038073011,
7373000,31.53629,-92.40847,POINT (-92.40847 31.53629),1958.6316,0.04101963,
7375000,30.61602,-90.24869,POINT (-90.24869 30.61602),2168.061,37.39611672,3.959475469
7376000,30.5038,-90.67732,POINT (-90.67732 30.5038),2101.8162,28.63314057,3.825683652
8013000,30.99602,-92.67375,POINT (-92.67375 30.99602),2046.2822,0.43773962,
8014500,30.69875,-92.89319,POINT (-92.89319 30.69875),1978.4229,0.43773962,
8023080,31.97933,-93.93408,POINT (-93.93408 31.97933),2080.549,,
8025500,31.30713,-93.51573,POINT (-93.51573 31.30713),2014.8108,,
8029500,30.81889,-93.78556,POINT (-93.78556 30.81889),2057.9133,27.26549654,3.817163619
8050800,33.55455,-96.94723,POINT (-96.94723 33.55455),1864.7092,46.50103109,3.68713627
8066200,30.71631,-94.95882,POINT (-94.95882 30.71631),2072.6663,31.66056524,3.92102352
8066300,30.48139,-94.77972,POINT (-94.77972 30.48139),2215.1013,31.05650798,3.735262183
8070000,30.3366,-95.1041,POINT (-95.1041 30.3366),2070.3281,30.51289237,3.838464879
8070200,30.14549,-95.12438,POINT (-95.12438 30.14549),2325.44,30.51289237,3.838464879
8079600,33.03843,-101.19763,POINT (-101.19763 33.03843),802.3364,71.0492665,3.911857128
8082700,33.32927,-99.46508,POINT (-99.46508 33.32927),962.2702,57.14716314,3.657785877
8086212,32.7329,-99.14063,POINT (-99.14063 32.7329),1251.4524,65.29990398,3.93101345
8086290,32.64846,-99.00451,POINT (-99.00451 32.64846),1188.4233,65.29990398,3.93101345
8101000,31.28489,-97.88502,POINT (-97.88502 31.28489),1442.503,55.45628101,3.948792566
8104900,30.62575,-97.69112,POINT (-97.69112 30.62575),1551.3895,53.70678341,3.929492046
8109700,30.33938,-96.9047,POINT (-96.9047 30.33938),1838.2716,63.54833647,3.963152535
8150800,30.64352,-99.09588,POINT (-99.09588 30.64352),1331.8359,64.55548652,3.984314061
8155200,30.29632,-97.92557,POINT (-97.92557 30.29632),1531.1975,46.67684167,3.868942385
8158700,30.08299,-98.00779,POINT (-98.00779 30.08299),1693.4642,56.66078622,4.022571935
8158810,30.15549,-97.94001,POINT (-97.94001 30.15549),1678.0298,46.67684167,3.868942385
8164000,28.95998,-96.68637,POINT (-96.68637 28.95998),1963.3486,59.34896317,3.972913452
8164300,29.46691,-96.81276,POINT (-96.81276 29.46691),1903.6833,57.01285026,3.936522708
8164600,28.89138,-96.81915,POINT (-96.81915 28.89138),1989.5039,59.34896317,3.972913452
8165300,30.0641,-99.38699,POINT (-99.38699 30.0641),1473.3978,58.59647818,4.004768942
8171300,29.97938,-97.91,POINT (-97.91 29.97938),1758.7253,65.48972949,4.008648001
8175000,29.21525,-97.44943,POINT (-97.44943 29.21525),1777.4442,65.47480714,3.953854229
8176900,28.86165,-97.22638,POINT (-97.22638 28.86165),1911.6125,63.14575084,3.978320743
8178880,29.72384,-99.07004,POINT (-99.07004 29.72384),1410.2681,56.11472153,4.047897368
8189500,28.29195,-97.27916,POINT (-97.27916 28.29195),2006.6224,60.18196646,3.960847413
8190000,29.42857,-99.99729,POINT (-99.99729 29.42857),1451.4131,58.73192173,4.031335166
8190500,29.47273,-100.23646,POINT (-100.23646 29.47273),1549.5577,60.59949968,4.06497431
8194200,27.96501,-98.96697,POINT (-98.96697 27.96501),1455.5137,62.3199875,4.074524374
8195000,29.48857,-99.70478,POINT (-99.70478 29.48857),1582.5544,58.73192173,4.031335166
8196000,29.50468,-99.78145,POINT (-99.78145 29.50468),1542.1138,57.45410377,4.046860405
8198500,29.31431,-99.48047,POINT (-99.48047 29.31431),1287.0879,64.61141665,4.097920068
8200000,29.56967,-99.24671,POINT (-99.24671 29.56967),1472.3575,56.11472153,4.047897368
8202700,29.37079,-99.28782,POINT (-99.28782 29.37079),1431.4542,64.61141665,4.097920068
8267500,36.54169,-105.5564,POINT (-105.5564 36.54169),843.81866,24.29369315,3.164708115
8269000,36.43947,-105.50362,POINT (-105.50362 36.43947),717.6864,26.24160346,3.558738656
8271000,36.50836,-105.53084,POINT (-105.53084 36.50836),962.3811,24.29369315,3.164708115
8324000,35.66169,-106.74337,POINT (-106.74337 35.66169),255.68405,2.941222576,0.525183807
8377900,35.77725,-105.65807,POINT (-105.65807 35.77725),1113.7019,1.100830405,
8378500,35.70837,-105.68252,POINT (-105.68252 35.70837),988.26794,1.100830405,
8380500,35.65199,-105.3189,POINT (-105.3189 35.65199),1153.842,28.6650236,3.397134468
9034900,39.76026,-105.9064,POINT (-105.9064 39.76026),660.071,,
9035800,39.80054,-106.02641,POINT (-106.02641 39.80054),659.549,,
9035900,39.79582,-106.03057,POINT (-106.03057 39.79582),666.2944,,
9047700,39.59443,-105.97252,POINT (-105.97252 39.59443),664.39496,,
9065500,39.62582,-106.27808,POINT (-106.27808 39.62582),872.62494,,
9066000,39.59638,-106.26503,POINT (-106.26503 39.59638),808.7774,,
9066200,39.64832,-106.32308,POINT (-106.32308 39.64832),889.6347,,
9066300,39.64582,-106.38225,POINT (-106.38225 39.64582),930.62537,,
9081600,39.23221,-107.22727,POINT (-107.22727 39.23221),1020.84314,10.03945699,2.167809958
9107000,38.86027,-106.5667,POINT (-106.5667 38.86027),483.79428,8.816961013,1.848687396
9210500,42.09605,-110.41656,POINT (-110.41656 42.09605),237.17506,12.08220942,1.547696535
9223000,42.11049,-110.70962,POINT (-110.70962 42.11049),689.7708,13.47499234,2.096303824
9306242,39.92025,-108.47287,POINT (-108.47287 39.92025),277.30023,21.73654918,3.023070545
9312600,39.87579,-111.03739,POINT (-111.03739 39.87579),447.4907,15.84587584,2.632893073
9352900,37.4775,-107.54367,POINT (-107.54367 37.4775),1070.6887,18.20268754,3.070583455
9378170,37.84666,-109.36956,POINT (-109.36956 37.84666),679.98334,43.93883288,3.753479623
9378630,37.75555,-109.47651,POINT (-109.47651 37.75555),1048.0176,43.93883288,3.753479623
9386900,35.28253,-108.55341,POINT (-108.55341 35.28253),387.5057,35.16050968,3.470181861
9404450,37.33943,-112.60438,POINT (-112.60438 37.33943),749.6173,26.31913006,2.692878261
9430500,33.06118,-108.53727,POINT (-108.53727 33.06118),583.2767,28.28225898,3.20562981
9430600,33.16673,-108.64978,POINT (-108.64978 33.16673),719.2573,28.28225898,3.20562981
9447800,32.95562,-109.53119,POINT (-109.53119 32.95562),136.9973,31.34510875,3.45528034
9480000,31.35538,-110.58953,POINT (-110.58953 31.35538),543.6024,40.77797826,1.917587207
9484000,32.31674,-110.81037,POINT (-110.81037 32.31674),535.75397,29.43223022,2.272632142
9484600,32.03591,-110.67758,POINT (-110.67758 32.03591),203.51894,29.43223022,2.272632142
9492400,33.82227,-109.81454,POINT (-109.81454 33.82227),1132.2781,0.418581062,
9494000,33.73644,-110.16677,POINT (-110.16677 33.73644),501.80563,52.97080315,4.003781475
9497800,33.84311,-110.55761,POINT (-110.55761 33.84311),578.27106,44.12124688,3.831215559
9497980,33.82783,-110.85623,POINT (-110.85623 33.82783),1052.8135,44.12124688,3.831215559
9505200,34.67474,-111.67209,POINT (-111.67209 34.67474),514.5481,47.4620745,3.775291753
9505350,34.72863,-111.77571,POINT (-111.77571 34.72863),303.27612,47.4620745,3.775291753
9505800,34.53864,-111.69404,POINT (-111.69404 34.53864),508.94394,47.4620745,3.775291753
9508300,34.16087,-111.69292,POINT (-111.69292 34.16087),348.66364,47.87756517,3.811345848
9510200,33.69421,-111.5418,POINT (-111.5418 33.69421),319.73846,32.18209733,1.344180312
9512280,33.88726,-111.95404,POINT (-111.95404 33.88726),275.3334,32.18209733,1.344180312
9513780,33.9742,-112.09905,POINT (-112.09905 33.9742),261.20413,27.86202948,1.733087367
10023000,41.60994,-111.25409,POINT (-111.25409 41.60994),267.19495,16.19310256,1.789805231
10166430,40.40523,-112.1005,POINT (-112.1005 40.40523),850.1124,39.61871982,3.473004096
10172700,39.97939,-112.38023,POINT (-112.38023 39.97939),461.75278,32.71441894,3.152364119
10172800,40.49633,-112.5744,POINT (-112.5744 40.49633),831.0617,45.34730067,3.543791194
10173450,37.62276,-112.51688,POINT (-112.51688 37.62276),580.5533,17.14661597,2.59564372
10205030,38.91191,-111.53047,POINT (-111.53047 38.91191),656.83344,17.06116916,2.652394711
10234500,38.28053,-112.56827,POINT (-112.56827 38.28053),519.1441,23.19658991,3.081423806
10242000,37.6722,-113.03467,POINT (-113.03467 37.6722),438.43906,30.47919509,3.435582265
10244950,39.20154,-114.68916,POINT (-114.68916 39.20154),536.6724,17.66461824,2.76090108
10249300,38.88743,-117.24537,POINT (-117.24537 38.88743),111.90888,21.14291877,2.560960755
10258000,33.80502,-116.55918,POINT (-116.55918 33.80502),258.8844,12.458726,1.365195761
10258500,33.74502,-116.53557,POINT (-116.53557 33.74502),56.876766,12.458726,1.365195761
10259000,33.76002,-116.55002,POINT (-116.55002 33.76002),359.58817,12.458726,1.365195761
10259200,33.63114,-116.39223,POINT (-116.39223 33.63114),41.92159,17.12947703,3.244393779
10263500,34.42083,-117.83951,POINT (-117.83951 34.42083),485.7129,3.715133402,0.415440792
10310500,39.11324,-119.79824,POINT (-119.79824 39.11324),328.17,12.70697885,1.986022285
10316500,40.69076,-115.477,POINT (-115.477 40.69076),778.70685,22.91720449,2.435829202
10329500,41.53462,-117.41791,POINT (-117.41791 41.53462),172.18842,30.24309949,2.401065872
10336645,39.05185,-120.11852,POINT (-120.11852 39.05185),337.28375,,
10336660,39.10741,-120.16214,POINT (-120.16214 39.10741),1145.0715,,
10336740,39.06658,-119.93546,POINT (-119.93546 39.06658),886.5484,12.70697885,1.986022285
10343500,39.43157,-120.23798,POINT (-120.23798 39.43157),1469.9722,,
10348850,39.35435,-119.85852,POINT (-119.85852 39.35435),1106.4438,12.70697885,1.986022285
10396000,42.79083,-118.8675,POINT (-118.8675 42.79083),263.9617,23.46084795,2.426998448
11098000,34.22223,-118.17757,POINT (-118.17757 34.22223),1235.4714,11.69832573,1.181874636
11124500,34.59666,-119.90875,POINT (-119.90875 34.59666),903.50604,12.63957611,1.395124285
11141280,35.23553,-120.47239,POINT (-120.47239 35.23553),1515.6339,17.99930343,1.298502697
11143000,36.2458,-121.77329,POINT (-121.77329 36.2458),875.6867,,
11148900,35.78858,-121.09381,POINT (-121.09381 35.78858),1207.0851,,
11151300,36.26802,-121.0663,POINT (-121.0663 36.26802),627.41266,11.83373385,0.555275887
11162500,37.26078,-122.32886,POINT (-122.32886 37.26078),2066.7798,0.0768273,
11176400,37.56132,-121.68384,POINT (-121.68384 37.56132),880.6199,17.7309252,1.663694062
11180500,37.60605,-122.02385,POINT (-122.02385 37.60605),938.1572,0.102021358,
11180960,37.71771,-122.05441,POINT (-122.05441 37.71771),1444.4059,0.102021358,
11224500,36.21468,-120.47071,POINT (-120.47071 36.21468),438.20935,26.17627257,0.680603575
11230500,37.33939,-118.97345,POINT (-118.97345 37.33939),830.7608,6.979193519,1.296133938
11237500,37.19856,-119.21373,POINT (-119.21373 37.19856),1280.7036,0.016245058,
11253310,36.40217,-120.43349,POINT (-120.43349 36.40217),376.58994,26.17627257,0.680603575
11264500,37.73159,-119.55877,POINT (-119.55877 37.73159),971.657,0.025111013,
11266500,37.71687,-119.66628,POINT (-119.66628 37.71687),1374.7095,0.025111013,
11274500,37.31549,-121.12521,POINT (-121.12521 37.31549),592.6416,11.95861741,1.16798126
11274630,37.4866,-121.2091,POINT (-121.2091 37.4866),567.1619,11.95861741,1.16798126
11284400,37.84187,-120.18491,POINT (-120.18491 37.84187),1392.3314,22.91530577,2.616943664
11299600,37.96104,-120.6152,POINT (-120.6152 37.96104),798.72565,20.31397801,1.020734864
11381500,40.0546,-122.02415,POINT (-122.02415 40.0546),378.06723,21.06626115,2.797050122
11383500,40.01405,-121.94832,POINT (-121.94832 40.01405),455.36758,0.049257238,
11451100,39.16545,-122.61999,POINT (-122.61999 39.16545),1293.2535,13.1831728,1.589456698
11468500,39.42822,-123.73779,POINT (-123.73779 39.42822),2421.0574,0.072682825,
11473900,39.70627,-123.32529,POINT (-123.32529 39.70627),1556.6384,,
11475560,39.7296,-123.64391,POINT (-123.64391 39.7296),2370.486,,
11476600,40.35125,-124.00393,POINT (-124.00393 40.35125),2517.4707,0.201324774,
11478500,40.48042,-123.89088,POINT (-123.89088 40.48042),2142.849,,
11480390,40.28431,-123.3353,POINT (-123.3353 40.28431),1567.4716,,
11481200,41.01096,-124.08173,POINT (-124.08173 41.01096),2610.6206,,
11482500,41.29929,-124.05118,POINT (-124.05118 41.29929),1701.4102,,
11522500,41.37763,-123.47756,POINT (-123.47756 41.37763),1727.7675,,
11523200,41.11126,-122.70558,POINT (-122.70558 41.11126),1578.0365,,
11528700,40.64986,-123.4942,POINT (-123.4942 40.64986),1546.1967,,
11532500,41.7915,-124.07619,POINT (-124.07619 41.7915),1690.9197,,
12010000,46.37399,-123.74348,POINT (-123.74348 46.37399),2243.8752,,
12013500,46.65093,-123.65266,POINT (-123.65266 46.65093),2004.4316,,
12020000,46.61732,-123.27764,POINT (-123.27764 46.61732),2021.9497,1.641798789,
12025000,46.6201,-122.94513,POINT (-122.94513 46.6201),1350.783,0.185221409,
12025700,46.7726,-122.59401,POINT (-122.59401 46.7726),1906.4999,0.185221409,
12035000,47.00065,-123.49488,POINT (-123.49488 47.00065),1986.8003,,
12040500,47.53786,-124.31575,POINT (-124.31575 47.53786),1730.4396,,
12041200,47.80675,-124.25103,POINT (-124.25103 47.80675),1789.7736,,
12043000,47.96008,-124.39299,POINT (-124.39299 47.96008),1766.1924,,
12048000,48.01426,-123.13268,POINT (-123.13268 48.01426),1547.5701,,
12054000,47.68398,-123.01155,POINT (-123.01155 47.68398),1310.1526,,
12056500,47.51426,-123.32989,POINT (-123.32989 47.51426),1203.7512,,
12073500,47.38926,-122.69902,POINT (-122.69902 47.38926),1052.0286,0.10467514,
12082500,46.75261,-122.08372,POINT (-122.08372 46.75261),1896.4021,1.495589213,
12092000,46.90372,-122.03511,POINT (-122.03511 46.90372),1599.7888,1.495589213,
12095000,47.13955,-122.09261,POINT (-122.09261 47.13955),1752.4711,0.169243862,
12114500,47.34205,-121.54899,POINT (-121.54899 47.34205),1487.099,0.165470752,
12115000,47.37011,-121.6251,POINT (-121.6251 47.37011),1435.5724,0.165470752,
12115500,47.35066,-121.66316,POINT (-121.66316 47.35066),1312.4324,0.165470752,
12117000,47.38649,-121.84622,POINT (-121.84622 47.38649),1477.6168,0.165470752,
12141300,47.48594,-121.64788,POINT (-121.64788 47.48594),1400.1451,0.165470752,
12143600,47.4526,-121.71788,POINT (-121.71788 47.4526),1601.4777,0.165470752,
12144000,47.49288,-121.79011,POINT (-121.79011 47.49288),1652.6455,0.165470752,
12145500,47.53982,-121.909,POINT (-121.909 47.53982),1713.5588,1.967042067,
12147500,47.71232,-121.78873,POINT (-121.78873 47.71232),1599.7848,1.967042067,
12147600,47.70677,-121.60011,POINT (-121.60011 47.70677),1392.9563,1.967042067,
12167000,48.26149,-122.04764,POINT (-122.04764 48.26149),1789.5867,4.462049,
12175500,48.67263,-121.0729,POINT (-121.0729 48.67263),1021.4196,,
12178100,48.65596,-121.23846,POINT (-121.23846 48.65596),946.08923,,
12186000,48.16872,-121.47067,POINT (-121.47067 48.16872),1434.755,,
12189500,48.42456,-121.56846,POINT (-121.56846 48.42456),1645.924,0.113333923,
12358500,48.49524,-114.01012,POINT (-114.01012 48.49524),803.93536,,
12374250,47.82966,-114.69763,POINT (-114.69763 47.82966),452.14224,,
12375900,47.4916,-114.02677,POINT (-114.02677 47.4916),1135.7332,,
12377150,47.32299,-113.97955,POINT (-113.97955 47.32299),966.0939,,
12381400,47.19549,-113.85065,POINT (-113.85065 47.19549),760.39856,,
12383500,47.14743,-113.97427,POINT (-113.97427 47.14743),864.4371,,
12388400,47.26632,-114.40679,POINT (-114.40679 47.26632),882.2858,,
12390700,47.58605,-115.35515,POINT (-115.35515 47.58605),893.27594,,
12411000,47.70611,-115.97917,POINT (-115.97917 47.70611),1240.2584,0.019392609,
12414500,47.27464,-116.18905,POINT (-116.18905 47.27464),1179.8108,,
12447390,48.82292,-120.14592,POINT (-120.14592 48.82292),438.5756,,
12451000,48.32958,-120.69177,POINT (-120.69177 48.32958),691.7078,,
12488500,46.97762,-121.1687,POINT (-121.1687 46.97762),943.6852,,
13011500,43.85028,-110.51778,POINT (-110.51778 43.85028),653.37585,10.52780788,2.119457354
13011900,43.83806,-110.44111,POINT (-110.44111 43.83806),757.3378,10.48452691,2.32304061
13018300,43.45215,-110.70409,POINT (-110.70409 43.45215),750.38354,12.39300366,2.597142132
13023000,43.14278,-110.97667,POINT (-110.97667 43.14278),950.0485,12.39300366,2.597142132
13083000,42.16583,-113.98361,POINT (-113.98361 42.16583),286.29477,26.67789985,2.170233645
13161500,41.93324,-115.67453,POINT (-115.67453 41.93324),201.69241,23.4417836,2.082730501
13235000,44.08528,-115.62222,POINT (-115.62222 44.08528),838.79126,,
13240000,44.91361,-115.99722,POINT (-115.99722 44.91361),784.9598,0.153636293,
13310700,44.98694,-115.725,POINT (-115.725 44.98694),615.8526,0.153636293,
13313000,44.96167,-115.5,POINT (-115.5 44.96167),636.4458,0.015839806,
13331500,45.61987,-117.72659,POINT (-117.72659 45.61987),686.7729,,
13337000,46.15083,-115.58722,POINT (-115.58722 46.15083),1346.311,,
13338500,46.08639,-115.97667,POINT (-115.97667 46.08639),720.1836,,
13340000,46.47833,-116.2575,POINT (-116.2575 46.47833),895.24347,14.13564997,0.172059405
13340600,46.84047,-115.6207,POINT (-115.6207 46.84047),1361.7129,,
14020000,45.71958,-118.32329,POINT (-118.32329 45.71958),890.19446,0.931656454,
14092750,44.75039,-121.6334,POINT (-121.6334 44.75039),1378.7195,,
14096850,44.95873,-121.39423,POINT (-121.39423 44.95873),515.7324,19.02573387,1.769455706
14137000,45.39956,-122.13731,POINT (-122.13731 45.39956),2007.0371,3.604712965,
14138800,45.45262,-121.89147,POINT (-121.89147 45.45262),1491.0828,,
14138870,45.48012,-122.02564,POINT (-122.02564 45.48012),1428.3739,3.604712965,
14138900,45.49429,-122.03592,POINT (-122.03592 45.49429),1428.3739,3.604712965,
14139800,45.44456,-122.10953,POINT (-122.10953 45.44456),1568.5742,3.604712965,
14141500,45.4154,-122.17148,POINT (-122.17148 45.4154),1887.9133,3.604712965,
14154500,43.73596,-122.8734,POINT (-122.8734 43.73596),2095.9922,0.987181053,
14158500,44.36095,-121.99562,POINT (-121.99562 44.36095),961.06793,,
14158790,44.33457,-122.04701,POINT (-122.04701 44.33457),1479.3774,0.026383981,
14166500,44.04984,-123.42621,POINT (-123.42621 44.04984),2155.386,8.805464679,0.88335945
14182500,44.79151,-122.57897,POINT (-122.57897 44.79151),1697.7155,15.36754473,0.973921408
14185000,44.39179,-122.49758,POINT (-122.49758 44.39179),1862.7291,0.026383981,
14185900,44.54012,-122.43591,POINT (-122.43591 44.54012),1771.201,0.078952983,
14187000,44.37235,-122.62314,POINT (-122.62314 44.37235),1959.3516,3.160556886,
14216500,46.07567,-121.9987,POINT (-121.9987 46.07567),1611.7227,,
14222500,45.83678,-122.46621,POINT (-122.46621 45.83678),1753.1443,0.504533013,
14236200,46.59538,-122.45956,POINT (-122.45956 46.59538),2070.0356,1.495589213,
14301000,45.704,-123.7554,POINT (-123.7554 45.704),2249.5642,,
14303200,45.32428,-123.5465,POINT (-123.5465 45.32428),2072.6177,,
14305500,44.71512,-123.88733,POINT (-123.88733 44.71512),2278.661,,
14306340,44.2479,-123.63649,POINT (-123.63649 44.2479),2101.6013,,
14306500,44.38595,-123.83178,POINT (-123.83178 44.38595),2083.2266,,
14308990,42.82318,-123.12589,POINT (-123.12589 42.82318),1758.0955,,
14309500,42.804,-123.61091,POINT (-123.61091 42.804),1678.1464,,
14316700,43.34984,-122.72894,POINT (-122.72894 43.34984),1631.3138,,
14325000,42.8915,-124.07065,POINT (-124.07065 42.8915),1913.2334,0.086097281,
14362250,42.15401,-123.07532,POINT (-123.07532 42.15401),1606.3055,,
14400000,42.12344,-124.18731,POINT (-124.18731 42.12344),2119.8606,,
